date,pnl
2024-11-17,0.6020000000000891
2024-11-18,-73.13000000000017
2024-11-19,-24.172000000000082
2024-11-20,-15.051999999999737
2024-11-21,-73.6710000000025
2024-11-22,-21.899999999992588
2024-11-23,69.59999999999354
2024-11-24,-120.22399999999891
2024-11-25,-47.88099999999815
2024-11-26,47.66199999999884
2024-11-27,-26.799999999996373
2024-11-28,53.1999999999951
2024-11-29,-32.79999999999603
2024-11-30,-6.399999999996737
2024-12-01,30.600000000004854
2024-12-02,-82.79199999999946
2024-12-03,-35.79099999999926
2024-12-04,21.30000000000649
2024-12-05,48.195000000000334
2024-12-06,-19.82700000000051
2024-12-07,121.69999999999902
2024-12-08,-10.000000000001705
2024-12-09,34.042999999998074
2024-12-10,140.3500000000048
2024-12-11,-82.70000000000181
2024-12-12,-18.00000000000324
2024-12-13,-73.30000000000297
2024-12-14,-26.9000000000068
2024-12-15,9.699999999998852
2024-12-16,-49.09999999999826
2024-12-17,119.80599999999924
2024-12-18,56.91099999999693
2024-12-19,138.2810000000049
2024-12-20,67.01299999999804
2024-12-21,20.69999999999908
2024-12-22,8.099999999999454
2024-12-23,-62.45399999999762
2024-12-24,54.492000000001894
2024-12-25,-149.10000000000338
2024-12-26,-78.40000000000146
2024-12-27,66.30100000000397
2024-12-28,-7.999999999996419
2024-12-29,18.099999999998033
2024-12-30,42.79999999999745
2024-12-31,-101.17900000000134
2025-01-01,-52.699999999992144
2025-01-02,105.00000000000028
2025-01-03,-27.26600000000161
2025-01-04,8.199999999999363
2025-01-05,34.19999999999533
2025-01-06,-124.89999999999839
2025-01-07,-8.41599999999886
2025-01-08,26.141000000000645
2025-01-09,64.79999999999961
2025-01-10,-64.87400000000463
2025-01-11,69.89999999999611
2025-01-12,19.700000000001125
2025-01-13,16.05199999999627
2025-01-14,72.3999999999998
2025-01-15,93.60600000000119
2025-01-16,-10.099000000002434
2025-01-17,-93.06000000000182
2025-01-18,84.65299999999843
2025-01-19,154.8439999999988
2025-01-20,86.08599999999683
2025-01-21,-83.99800000000113
2025-01-22,153.1170000000006
2025-01-23,252.4939999999964
2025-01-24,-68.93200000000917
2025-01-25,62.899999999996226
2025-01-26,81.69999999999789
2025-01-27,52.64500000000368
2025-01-28,76.77299999999406
2025-01-29,2.839000000002727
2025-01-30,-47.799999999998306
2025-01-31,-5.800000000001546
2025-02-01,-35.400000000001626
2025-02-02,-97.96899999999567
2025-02-03,-80.66000000000088
2025-02-04,-61.33100000000127
2025-02-05,71.604999999999
2025-02-06,36.89999999999998
2025-02-07,128.7650000000079
2025-02-08,-17.899999999999636
2025-02-09,-34.21900000000022
2025-02-10,226.34199999999964
2025-02-11,-64.80000000000302
2025-02-12,9.595999999999947
2025-02-13,-10.099999999996783
2025-02-14,-72.49999999999858
2025-02-15,-43.49999999999966
2025-02-16,48.900000000000716
2025-02-17,101.69999999999817
2025-02-18,59.480999999999256
2025-02-19,-15.225000000001216
2025-02-20,93.09999999999746
2025-02-21,79.83700000000226
2025-02-22,-99.6999999999997
2025-02-23,6.90000000000083
2025-02-24,-8.242000000000473
2025-02-25,-28.823000000001002
2025-02-26,25.046000000002095
2025-02-27,204.58300000000207
2025-02-28,47.607
2025-03-01,-2.8000000000031378
2025-03-02,-68.29999999999842
2025-03-03,175.1870000000008
2025-03-04,25.82599999999985
2025-03-05,-4.740000000001032
2025-03-06,-86.15000000000265
2025-03-07,31.660999999998296
2025-03-08,-16.8679999999992
2025-03-09,-45.93000000000103
2025-03-10,-105.49099999999967
2025-03-11,95.38200000000046
2025-03-12,91.47200000000112
2025-03-13,84.19999999999902
2025-03-14,-4.390000000000498
2025-03-15,-36.2999999999991
2025-03-16,-23.78599999999949
2025-03-17,-51.03199999999873
2025-03-18,71.99999999999847
2025-03-19,-33.41299999999734
2025-03-20,-51.21699999999876
2025-03-21,12.791999999998609
2025-03-22,28.999999999999773
2025-03-23,-37.70000000000124
2025-03-24,-17.904999999999234
2025-03-25,91.8000000000012
2025-03-26,-59.95200000000352
2025-03-27,37.80000000000058
2025-03-28,25.88800000000134
2025-03-29,7.299999999999471
2025-03-30,-26.76300000000083
2025-03-31,-19.548999999998955
2025-04-01,26.26099999999866
2025-04-02,105.85599999999872
2025-04-03,-33.54100000000116
2025-04-04,-44.977999999998985
2025-04-05,11.199999999998624
2025-04-06,-16.556000000001774
2025-04-07,43.554000000001594
2025-04-08,-14.496999999998366
2025-04-09,34.382999999999555
2025-04-10,-16.771000000001095
2025-04-11,10.599999999999596
2025-04-12,-36.691999999999894
2025-04-13,-28.151000000005126
2025-04-14,13.217999999999108
2025-04-15,-37.23700000000335
2025-04-16,0.2729999999968413
2025-04-17,-26.722000000003163
2025-04-18,-26.700000000001864
2025-04-19,-2.200000000000273
2025-04-20,-28.699999999997203
2025-04-21,-77.34300000000019
2025-04-22,46.461000000006436
2025-04-23,-73.74700000000303
2025-04-24,-29.299999999999784
2025-04-25,-71.37199999999979
2025-04-26,-41.299999999995975
2025-04-27,4.056999999999107
2025-04-28,-22.18900000000417
2025-04-29,39.09999999999769
2025-04-30,-110.59599999999705
2025-05-01,-8.999999999997499
2025-05-02,5.100000000003604
2025-05-03,38.60000000000298
2025-05-04,-3.299999999999841
2025-05-05,6.700000000000443
2025-05-06,20.853000000001316
2025-05-07,73.89999999999702
2025-05-08,48.33000000000254
2025-05-09,103.34900000000005
2025-05-10,-5.700000000002774
2025-05-11,38.822000000002106
2025-05-12,-50.3950000000026
2025-05-13,16.809999999995
2025-05-14,54.68100000000618
2025-05-15,-15.215000000003442
2025-05-16,-64.50000000000045
2025-05-17,-98.10999999999439
2025-05-18,-53.65700000000231
2025-05-19,45.57100000000389
2025-05-20,-7.100000000003206
2025-05-21,-89.30299999999875
2025-05-22,150.09999999999906
2025-05-23,94.21500000000293
2025-05-24,16.35100000000591
2025-05-25,-8.99999999999892
2025-05-26,48.6000000000044
2025-05-27,70.69999999999823
2025-05-28,-47.00000000000159
2025-05-29,23.11000000000206
2025-05-30,40.58899999999937
2025-05-31,7.861999999999227
2025-06-01,3.9000000000089585
2025-06-02,-6.999999999995339
2025-06-03,6.999999999998465
2025-06-04,-53.299999999996146
2025-06-05,-23.520000000001744
2025-06-06,56.600000000000534
2025-06-07,64.69999999999374
2025-06-08,3.699999999999477
2025-06-09,-11.899999999999125
2025-06-10,35.77799999999769
2025-06-11,-94.80799999999903
2025-06-12,-18.300000000002683
2025-06-13,90.06899999999547
2025-06-14,55.10000000000673
2025-06-15,29.000000000001478
2025-06-16,-28.699999999996066
2025-06-17,-15.539999999995189
2025-06-18,67.40000000000094
2025-06-19,16.199999999995214
2025-06-20,-41.141999999996415
2025-06-21,30.91300000000018
2025-06-22,-62.692999999999586
2025-06-23,5.715000000000714
2025-06-24,-59.499999999999886
2025-06-25,-79.49999999999818
2025-06-26,5.471000000001709
2025-06-27,19.200000000001296
2025-06-28,-6.700000000000443
2025-06-29,21.699999999997033
2025-06-30,48.33999999999719
2025-07-01,-4.399999999999125
2025-07-02,-15.500000000002387
2025-07-03,-34.3000000000049
2025-07-04,15.400000000005036
2025-07-05,12.600000000002183
2025-07-06,-45.700000000002206
2025-07-07,1.8999999999928718
2025-07-08,-69.40000000000225
2025-07-09,40.600000000001444
2025-07-10,58.09999999999917
2025-07-11,21.799999999999216
2025-07-12,-15.200000000004934
2025-07-13,32.69999999999783
2025-07-14,-17.69999999999868
2025-07-15,-72.20899999999858
2025-07-16,44.69999999999857
2025-07-17,-59.64599999999649
2025-07-18,24.737000000002354
2025-07-19,51.10000000000127
2025-07-20,-15.300000000003706
2025-07-21,75.67199999999957
2025-07-22,27.279999999999234
2025-07-23,186.95699999999874
2025-07-24,-89.27900000000307
2025-07-25,68.9599999999993
2025-07-26,-57.400000000009754
2025-07-27,-3.0999999999986017
2025-07-28,86.19999999999521
2025-07-29,21.699999999995896
2025-07-30,-16.165999999999485
2025-07-31,74.40000000000282
2025-08-01,38.10000000000031
2025-08-02,-2.2999999999942133
2025-08-03,38.09999999999803
2025-08-04,76.29999999999939
2025-08-05,66.37700000000109
2025-08-06,2.200000000001978
2025-08-07,33.30000000000325
2025-08-08,-37.500000000000284
2025-08-09,76.2000000000026
2025-08-10,-1.0000000000039222
2025-08-11,3.599999999998431
2025-08-12,-7.375999999994747
2025-08-13,24.035000000001503
2025-08-14,-215.6899999999996
2025-08-15,-15.160999999997102
2025-08-17,-9.200000000003854
2025-08-18,15.399999999999352
2025-08-19,73.27199999999806
2025-08-20,-41.749999999999545
2025-08-21,-31.700000000000728
2025-08-22,-33.92599999999561
2025-08-23,43.763999999999896
2025-08-24,113.86000000000166
2025-08-25,-66.99100000000215
2025-08-26,-106.82700000000068
2025-08-27,-67.56400000000184
2025-08-28,69.08900000000301
2025-08-29,66.58000000000101
2025-08-30,-111.69999999999987
2025-08-31,-12.100000000000932
2025-09-01,-20.400000000001057
2025-09-02,-60.550999999998965
2025-09-03,49.99999999999915
2025-09-04,-13.40000000000316
2025-09-05,-12.699999999998681
2025-09-07,-5.699999999999648
2025-09-08,1.7810000000031323
2025-09-09,-8.80000000000365
2025-09-10,-51.880999999998494
2025-09-11,32.86199999999468
2025-09-12,-50.599999999999454
2025-09-13,-69.18399999999622
2025-09-14,110.09999999999536
2025-09-15,106.10400000000055
2025-09-16,-79.09999999999968
2025-09-17,77.15199999999896
2025-09-18,166.2000000000043
2025-09-19,-6.991999999997915
2025-09-20,-6.000000000000227
2025-09-21,41.7999999999995
2025-09-22,152.01499999999925
2025-09-23,-9.715999999998246
2025-09-24,-91.20000000000118
2025-09-25,-18.42399999999742
2025-09-26,164.42699999999775
2025-09-27,-27.799999999997738
2025-09-28,-30.399999999994236
2025-09-29,-66.30000000000251
2025-09-30,41.10000000000042
2025-10-01,44.49999999999932
2025-10-02,-1.5000000000009095
2025-10-03,-33.640000000003454
2025-10-04,58.300000000004104
2025-10-05,11.377000000001658
2025-10-06,-103.30000000000183
2025-10-07,24.232999999995855
2025-10-08,39.025000000002024
2025-10-09,66.49999999999807
2025-10-10,58.964000000001136
2025-10-11,57.71500000000259
2025-10-12,14.693999999998084
2025-10-13,150.5770000000038
2025-10-14,-174.69400000000093
2025-10-15,5.857999999999777
2025-10-16,120.83899999999886
2025-10-17,44.690999999999406
2025-10-18,74.59999999999496
2025-10-19,34.987999999997044
2025-10-20,59.4249999999937
2025-10-21,-0.14200000000244017
2025-10-22,-19.970999999997332
2025-10-23,4.799999999996771
2025-10-24,112.19999999999771
2025-10-26,26.991999999999052
2025-10-27,87.8000000000003
2025-10-28,110.79799999999466
2025-10-29,-10.375999999998555
2025-10-30,-127.05899999999986
2025-10-31,108.80000000000024
2025-11-01,51.19999999999834
2025-11-02,-50.29999999999859
2025-11-03,20.130000000005168
2025-11-04,93.23100000000352
2025-11-05,5.639999999998793
2025-11-06,-93.04000000000173
2025-11-07,-7.373000000001184
2025-11-08,46.8999999999977
2025-11-09,54.20000000000073
2025-11-10,133.42700000000207
2025-11-11,16.46299999999968
2025-11-12,-14.39999999999884
