fast,slow,confirm,band_bps,tp_pct,sl_pct,trades,freq_per_hour,total_pnl,sharpe_like,max_drawdown,score,trial
26,34,3,11.739869636282329,0.00879376232613218,0.010675260157448544,250.0,1.0420284821118444,-104.44509600013251,-8.182034903783764,152.14433325178652,-265.3924303400929,123
26,34,3,11.728709339552305,0.005486282015556598,0.009748912602721087,250.0,1.0420284821118444,-123.11689649893519,-7.249374626694868,192.2118116832644,-304.00470402692565,98
26,34,3,11.473308501623501,0.023978260330013997,0.01020370490364697,263.0,1.0962139631816603,-165.26952264896653,-8.959989161009792,229.47835799422683,-473.3326269255016,197
26,34,3,11.122188989393814,0.02445461981015947,0.010441086648239176,271.0,1.1295588746092393,-100.9367638764043,-5.193406109249727,227.2248933061237,-474.1863003588698,151
26,34,3,11.011528809849725,0.02463642858071757,0.011267756408540424,276.0,1.1503994442514762,-72.30538786724559,-3.4436129756899128,213.79472420145976,-480.3459997684969,163
26,34,3,11.436473136220794,0.008147151584769344,0.008950038792505551,265.0,1.1045501910385551,-181.66612769445686,-13.184842664714045,206.30205615689374,-495.23602211648534,132
26,34,3,11.362218184426919,0.005736828061523665,0.009111902798025578,267.0,1.11288641889545,-179.06004072773524,-8.80695858811545,251.35019047738933,-531.3886696161412,94
26,34,3,11.297595967027041,0.006156550131219089,0.009830711631021508,267.0,1.11288641889545,-201.83934740012515,-11.293125092346143,251.83738139173875,-554.660188396129,93
26,34,3,11.025180549545833,0.02234441173770288,0.009692420066466463,276.0,1.1503994442514762,-171.728419963363,-9.563426915066032,232.7451718875418,-589.8562371015929,136
26,34,3,10.96817493561947,0.023733069665176763,0.008986046711790825,276.0,1.1503994442514762,-191.42400063567626,-11.885656253048046,233.104888680984,-609.9638991044255,178
26,34,3,10.8981707042963,0.023670035168517112,0.010392581577121703,278.0,1.158735672108371,-177.08278401742328,-8.45001104165005,237.18221294436444,-613.9902358105126,143
26,34,3,10.833032200435479,0.023095937936633795,0.01087809265476068,280.0,1.1670718999652658,-183.5715589613633,-8.266814163272583,228.4550075455736,-632.7695440810089,153
26,34,3,10.786025715418553,0.023169257981512557,0.011342044668786227,281.0,1.1712400138937131,-186.50065294778955,-8.524474550569408,232.73377403493578,-646.2000152077406,139
26,34,3,10.767299732921675,0.023472229980719465,0.010369593669721053,282.0,1.1754081278221604,-199.92435316732946,-9.16148004867874,245.2930481033818,-674.3032808682091,141
26,34,3,10.880536740606935,0.019717872424447516,0.00907930112965768,278.0,1.158735672108371,-242.96259041808307,-13.771296104282833,257.6958477265289,-690.6589881085179,182
26,34,3,10.789142525064987,0.02214933401017431,0.008762833266515611,281.0,1.1712400138937131,-252.16249583707128,-13.366764003479375,254.5012021926159,-723.2298011211534,175
26,35,3,11.872636905445471,0.005672834366409203,0.010773517995432899,289.0,1.2045849253212921,-201.4007681368308,-8.53048803590255,271.7015043837837,-747.2744197748972,102
26,34,3,10.74233594799121,0.02098722077386963,0.010381654343121332,285.0,1.1879124696075027,-234.50477383248403,-10.554131474926198,274.3453878841683,-748.5578201370663,148
26,34,3,10.707905844291659,0.023140499594449044,0.009425875012033654,287.0,1.1962486974643973,-257.034003889644,-14.550880254900674,257.0340038896484,-779.503488788753,193
26,34,3,10.692803024816788,0.02282688034849463,0.009775784877325087,287.0,1.1962486974643973,-263.3259461737884,-13.187264851265049,263.3259461737889,-788.805040674604,173
26,34,3,10.630628208462383,0.0227457744127073,0.010052746579098763,288.0,1.2004168113928448,-272.20557324724103,-12.296093989082637,307.26371324723914,-827.9006620554585,171
26,34,3,10.666158679905962,0.02254164046109314,0.0089754074745755,287.0,1.1962486974643973,-307.296998335878,-16.840448945555465,307.2969983358762,-855.1269373271664,170
26,34,3,10.633264495672114,0.02239640224125559,0.008958257466844229,288.0,1.2004168113928448,-310.6184466411862,-17.565342222340355,311.2393650686463,-868.8282861834331,181
26,34,3,10.544621258359392,0.022155718487694473,0.00897973154000335,294.0,1.225425494963529,-303.9303544779265,-15.157407691888606,303.93035447792863,-908.2622624131378,191
26,34,3,10.508394017876064,0.024800654024164263,0.010046731633219775,296.0,1.2337617228204238,-316.1001708018171,-13.220432498718473,348.14403080181546,-959.0176750934444,185
25,34,3,11.77539671073777,0.00645116727684287,0.00982049604390211,303.0,1.2629385203195556,-305.46526819452976,-14.50358355889436,326.2562471611709,-995.9207907701157,101
26,34,3,10.410104200729112,0.009646158657735727,0.01061941674815416,301.0,1.2546022924626608,-312.0964264805063,-14.679062459156663,346.55306400889094,-996.045449656189,56
25,34,3,11.757326670734752,0.0062480440876234765,0.010530071869936227,303.0,1.2629385203195556,-311.94128949178076,-15.544809096242743,321.17496269402545,-999.9602923875289,112
25,34,3,11.729875618335535,0.005653195427388386,0.010520584096096335,305.0,1.2712747481764501,-295.26863391299577,-12.616944826139234,346.90518000713564,-1012.5324147520778,111
26,34,3,10.399460300251267,0.02557898752937727,0.009598270548625339,302.0,1.258770406391108,-329.4376646151896,-14.609398283812991,329.43766461518317,-1013.1582495333786,166
25,34,3,11.761654958498646,0.006316481573042684,0.0105348612193951,303.0,1.2629385203195556,-322.90869415291917,-16.628388696981556,334.7092388583387,-1017.8031930908978,106
25,34,3,11.77532336163206,0.006317714583691908,0.012033169360471763,303.0,1.2629385203195556,-346.05114419269387,-16.322035577967224,353.58488950151695,-1050.3528331403602,105
26,34,3,10.06665772288681,0.025034258489700346,0.010298674217534503,317.0,1.3212921153178188,-274.6671047404735,-14.229870914062635,274.6671047404743,-1056.0078748377543,159
25,34,3,11.569249807147452,0.007260841098592788,0.009174838637813971,315.0,1.312955887460924,-324.2526414789468,-14.279704108024209,346.347205479251,-1124.7659895512227,121
25,34,3,11.369969729197,0.0063075763068338175,0.009765880103519278,322.0,1.3421326849600557,-302.99964369242787,-16.803162840081576,316.3133034409966,-1147.1019816170456,92
26,36,3,11.982426074287451,0.007670963479186683,0.008831248788703623,326.0,1.358805140673845,-284.8322056737936,-15.28772323544906,330.0230961543475,-1168.9828074222023,131
25,34,3,11.468261441395649,0.008134354473658047,0.00915607489287484,318.0,1.325460229246266,-362.8931812156888,-12.077740321177636,364.3165623179193,-1197.1796948992983,133
25,34,3,11.299342996510086,0.022053287612742663,0.01054637026124197,323.0,1.346300798888503,-342.00919224092763,-14.788524679104384,348.24185194067286,-1210.2105684561805,161
26,36,3,11.999351429663704,0.007444298767831927,0.008558037066820776,326.0,1.358805140673845,-336.2493877172341,-16.301484940692035,376.18390545592956,-1243.581770286958,118
26,35,3,10.934723074015256,0.023466785625345637,0.01032982169473685,324.0,1.3504689128169505,-372.43740575228344,-26.228505752760324,376.67834575228335,-1264.3372548376021,145
25,34,3,10.872801668977358,0.005394177726937203,0.007814723552058212,331.0,1.379645710316082,-364.5968029417377,-16.65665942996131,372.61683854453076,-1311.8623087891633,38
26,35,3,10.68259337582162,0.021275965373504006,0.009005467379279104,333.0,1.3879819381729768,-393.0952980359264,-22.931888212833016,397.3362380359322,-1370.0204822211292,192
26,36,3,11.712060756810088,0.016570299234067255,0.008518097905022693,333.0,1.3879819381729768,-399.6571993590286,-17.978321690984043,403.89813935903294,-1379.367977553597,120
24,34,3,11.800763531420454,0.00507253606893744,0.010895116291181874,346.0,1.4421674192427927,-347.4332503224122,-17.896154524740595,369.14469847488726,-1418.1300534979155,104
26,36,3,11.236986951600638,0.023517134352256143,0.009947369850209838,347.0,1.44633553317124,-345.03613962598536,-12.93939231247649,377.56049059496036,-1427.7813904971931,194
25,35,3,11.244918626043535,0.006508513358075908,0.009044620430012463,354.0,1.4755123306703717,-340.1341927180007,-17.82684735531853,351.0635011777449,-1468.4732893831483,113
26,36,3,11.05914629381175,0.024158989722995104,0.010323459188349208,355.0,1.4796804445988192,-350.39304700560126,-13.12823967840269,380.56986678387693,-1501.3516935630182,152
26,37,3,11.72574652785691,0.005791298879076575,0.010776277113294316,366.0,1.5255296978117403,-338.1028120262965,-16.023550306540578,341.36620383187255,-1561.4476645963675,67
24,34,3,11.341834771472554,0.007118980093945088,0.010113300797266026,359.0,1.4963529003126086,-393.65898221188877,-19.45110623207284,393.6589822118767,-1585.1393845662515,115
25,35,3,11.016171675318434,0.021079243484659515,0.008562885813002831,362.0,1.5088572420979507,-396.6955080501612,-14.245439149923996,397.9456658707131,-1614.8073690964115,180
26,36,3,10.982933598764475,0.026986254512914025,0.009364206992161315,357.0,1.4880166724557138,-421.2387440322083,-18.48759626747862,441.36958403220524,-1619.8056405864863,137
26,36,3,10.853835937778873,0.02314991703911035,0.009384427885799766,360.0,1.5005210142410559,-424.653537457702,-21.221252735780865,424.6535374576906,-1640.144459942237,183
26,37,3,11.53038178697078,0.005132513909135176,0.011998122546855481,369.0,1.5380340395970824,-430.4169012619188,-20.616615998671133,431.22242308507884,-1724.15785359849,73
26,36,3,10.741504050420595,0.022517621312326448,0.008713332747379055,366.0,1.5255296978117403,-455.3191689033222,-21.917471327780113,456.2855736233887,-1736.7130984712753,176
24,35,3,11.855821147030278,0.005595493429281604,0.01090611297395436,374.0,1.5588746092393193,-414.68531746203905,-19.56066276660013,417.0759207413339,-1742.9285625880048,103
26,36,3,10.474587745210696,0.023584715598558785,0.01116499607404849,375.0,1.5630427231677666,-403.4135290862294,-14.523014717695546,427.653680979849,-1744.7781173834564,142
26,37,3,11.428073517697038,0.024325443422342153,0.010348113230030946,374.0,1.5588746092393193,-411.06748252012244,-14.59404842040096,436.68252138391654,-1748.6173665327592,198
26,37,3,11.130381148180248,0.005945786224671605,0.009440729394369969,382.0,1.5922195206668983,-379.6052203845606,-24.79587110540325,379.60522038455747,-1756.3264590211766,63
26,36,3,10.593015698012419,0.020663785456069162,0.008919195772082231,372.0,1.5505383813824245,-445.05752422372814,-21.945883020693472,445.63565734639997,-1771.1467039638464,172
25,36,3,11.572396229617128,0.007415729238617982,0.009187762493632136,377.0,1.5713789510246614,-421.68573562237117,-24.173517959517625,421.68573562235906,-1777.7038572788251,122
26,37,3,11.066878506422155,0.0077118606437014715,0.009469972215218461,387.0,1.6130600903091352,-371.334496002591,-20.97417365677331,383.22909598851766,-1791.1666419807975,62
25,34,3,9.5858877775232,0.006557647790354308,0.009805365992691857,379.0,1.5797151788815562,-446.2529374515098,-24.37352250927345,446.25293745150884,-1831.247116191304,91
25,34,3,9.765309196466623,0.005008784006217269,0.011319306123763346,371.0,1.5463702674539772,-494.98601258078907,-23.93260516779839,494.9860125807809,-1837.6128142959137,85
23,34,3,11.983196444564392,0.008264112580957715,0.012513286561241363,376.0,1.5672108370962141,-473.9499303267312,-14.149785404872786,475.9433504413955,-1847.7582582803445,108
24,34,3,11.044862840679974,0.008812525464914891,0.010631949188588353,365.0,1.5213615838832928,-539.5660700298993,-20.713985470888403,546.7167447370521,-1857.7190087120998,124
25,36,3,10.889474167903439,0.007543562327932133,0.010320889936431689,393.0,1.6380687738798194,-401.69039905571026,-19.444220955639498,415.1453348968007,-1887.3450363593133,81
25,36,3,11.042611604319543,0.02169364075449237,0.01079175541126892,390.0,1.6255644320944773,-426.0223686286468,-15.798123522306632,447.1191481211208,-1902.2906192303924,196
25,36,3,11.42559571024868,0.023047739055547644,0.009864405664286768,382.0,1.5922195206668983,-468.74750295886827,-23.644720026982416,495.1766649669771,-1903.1393487788519,162
24,35,3,11.774417397912138,0.006257479719391133,0.00993814524025392,377.0,1.5713789510246614,-505.704375645566,-25.42361206010392,505.7043756455623,-1903.8568267236803,107
26,37,3,10.963215999809549,0.02452301768636162,0.011365892257856976,393.0,1.6380687738798194,-404.02451095414114,-14.252505552464452,452.91218162541736,-1908.043400081735,164
25,36,3,10.897551372907808,0.006797594364568006,0.01025649959929735,393.0,1.6380687738798194,-430.0279596796634,-21.997702534796076,436.5855141730699,-1926.658034779317,82
26,36,3,10.208529365346228,0.02313147386676838,0.009565184524066253,386.0,1.6088919763806877,-479.4043795748092,-21.687664600222554,505.2270375541739,-1951.9706175732936,155
26,37,3,10.952558538439392,0.02284318794795125,0.00841604986753756,393.0,1.6380687738798194,-452.2013514710967,-23.47762702380706,482.8938078559895,-1972.133565861111,189
25,36,3,11.258045568466398,0.024100105571136614,0.009363707633172229,388.0,1.6172282042375825,-492.26270476280035,-28.075121491959955,492.26270476279024,-1975.6579777685565,169
26,37,3,11.003055418684639,0.023686085784395496,0.009297465863108376,391.0,1.6297325460229246,-470.2635018793767,-23.04613001442194,489.35519433666377,-1976.710804095,179
25,34,3,9.41837257860815,0.006485963257720934,0.00820079793251842,387.0,1.6130600903091352,-516.656840745191,-21.711596804202106,516.6568407451869,-2003.2766014164752,44
26,37,3,10.761319325741193,0.0227331529749883,0.01068127235228018,398.0,1.6589093435220563,-464.17404620423133,-18.032718695286277,533.2232907849229,-2050.407650510334,144
26,38,3,11.352069704274825,0.006335029885607719,0.009857889885881056,408.0,1.7005904828065301,-445.6108143949667,-19.75280203346252,460.37916508262606,-2078.9566427526865,96
26,39,3,11.7401245650314,0.005465619377718266,0.008516240821902938,416.0,1.7339353942341091,-417.40916171489164,-21.479693073959975,443.9736750727243,-2109.414757026868,99
26,38,3,11.648700927261304,0.02514864436774016,0.011850468259644885,398.0,1.6589093435220563,-509.4175533148881,-20.887785475524613,565.3955259863051,-2112.022781899706,138
25,36,3,10.845484498289263,0.024406925174275024,0.009159742813739075,396.0,1.6505731156651615,-551.3272791449959,-27.670834538367235,567.0334391449815,-2138.7573135016464,186
25,37,3,11.620054281172608,0.00797546048387479,0.00878400842693975,402.0,1.675581799235846,-515.5817580009985,-22.63423132087781,540.7177707717583,-2139.3676649906574,65
25,37,3,11.59839199499396,0.007826127606743893,0.008144966698514814,403.0,1.6797499131642932,-512.1039348386352,-21.93011364919718,531.9571587421906,-2139.7753519032367,61
25,37,3,11.506275068028005,0.007930128528129143,0.012263151921643584,409.0,1.7047585967349774,-480.4714963539094,-15.905541398825747,510.0509430343009,-2146.6047154808975,71
22,34,3,10.76834199135226,0.006559660480291892,0.00822683603872371,444.0,1.8506425842306358,-297.3108497648951,-10.906095881220825,349.348304250756,-2174.360779939667,43
26,38,3,11.226300978738099,0.02003736500101091,0.010190924292615618,409.0,1.7047585967349774,-506.8955769376839,-24.177747664924944,545.618027679313,-2191.6395590137877,184
26,38,3,11.134399135965474,0.024145219558878616,0.010016026743304186,411.0,1.7130948245918722,-511.11217530740674,-24.214108800704505,546.15388546338,-2212.8001781029116,158
26,38,3,10.786086752193183,0.023457616726359678,0.011072311117557847,418.0,1.742271622091004,-469.80136969318477,-16.127534262603707,519.0164496931902,-2215.465592148048,154
26,38,3,10.824728086984672,0.022955419649263054,0.009522502284124032,417.0,1.7381035081625564,-484.6473576798925,-20.294847712031057,543.9998119542342,-2234.8837647533255,195
22,34,3,10.874432378189304,0.00903738689002523,0.007662711087083715,442.0,1.842306356373741,-369.4967200267957,-14.184639291100492,390.1461219190769,-2250.6009576629262,37
24,36,3,10.497248143310653,0.009936126052181932,0.011929795931233512,438.0,1.8256339006599513,-392.3725528359359,-12.91870489560839,424.44438885413547,-2257.154419072467,76
24,36,3,10.706879824457326,0.007430810451512076,0.010220180688929376,435.0,1.8131295588746092,-415.61423782456933,-14.175188490450475,434.26600452849925,-2260.4238766870826,84
23,34,3,8.916096534856722,0.009185015733362693,0.014100353373443515,469.0,1.95484543244182,-280.8469885082798,-8.708208130952288,313.2398250155675,-2348.028586712799,31
25,38,3,11.660908615161897,0.020271214732896742,0.010517154772820779,422.0,1.7589440778047933,-535.662292549378,-17.02406775192628,589.2371203376515,-2349.871415102983,114
24,39,3,11.964557443721166,0.008439775136965822,0.010658065048546847,458.0,1.908996179228899,-375.74627538920464,-17.75216401867147,383.3589308470073,-2387.1933156723735,80
25,38,3,11.635873225241694,0.00823528957168972,0.008211842155019723,423.0,1.7631121917332409,-564.1840531992591,-25.036862132014132,588.7123056290984,-2387.2682756934914,59
25,38,3,10.824500122911775,0.02318321739114882,0.011040805482080349,444.0,1.8506425842306358,-455.2454440375967,-15.858820643518865,502.9108825849253,-2409.5719358556826,167
25,38,3,10.59829985822483,0.005634157553339903,0.011562353200477627,451.0,1.8798193817297673,-452.9491883455371,-27.665781237227943,462.40050920590147,-2446.554784531745,117
26,41,3,11.814132707041386,0.007086002797578556,0.01086652222391652,450.0,1.87565126780132,-468.4640402343551,-20.52260092527297,472.44952291126174,-2458.043597385153,69
25,38,3,11.243287231379567,0.00920521035827942,0.010655479968432137,433.0,1.8047933310177147,-553.9089918547899,-19.175813965871736,590.1269547966149,-2460.476712685114,135
26,40,3,11.414715201579309,0.005898582596927408,0.009316007935908846,443.0,1.8464744703021883,-523.9708460073837,-20.55163678375379,535.3726590242659,-2486.6612798022684,95
23,34,3,8.682595505179886,0.010511626303048164,0.013888159172950212,482.0,2.009030913511636,-343.70302894288415,-8.31269422530744,376.68137765786196,-2550.936814217618,30
24,37,3,10.398370805882326,0.005746878212372809,0.009641344303047016,460.0,1.9173324070857938,-485.4660539903367,-23.645137202027907,491.32582261102107,-2568.1582931876374,70
25,39,3,11.759279507786145,0.008355469932893272,0.010186628921959357,439.0,1.8298020145883989,-601.1435607687538,-23.254926641811476,626.940085151422,-2576.5431251854434,125
26,39,3,10.583850078399797,0.022497977611649345,0.010063770107660531,446.0,1.8589788120875306,-598.8274877203497,-23.82241565722809,648.619421297888,-2643.4770641100777,146
25,40,3,11.476612599544882,0.006263304562920981,0.011224663164444891,463.0,1.9298367488711359,-526.945746659817,-28.129254548133993,528.6137866598037,-2653.739063186804,116
26,40,3,10.70189621955019,0.0221819181188787,0.009977013998579467,460.0,1.9173324070857938,-534.9621134728151,-18.189266096375885,584.629584198381,-2663.7606463532306,150
25,39,3,11.381482673372973,0.013349603531263961,0.007878230331604619,446.0,1.8589788120875306,-677.3611456616871,-24.31463898860603,684.2723998363417,-2739.88643365378,109
25,34,2,11.515043058675085,0.023786824016959147,0.011265118278216147,482.0,2.009030913511636,-478.7147734074826,-20.161550529244398,508.9236690097532,-2753.2545899885563,199
26,40,3,10.664256476501818,0.01835629330312625,0.01094113015898029,462.0,1.9256686349426886,-624.9754865336979,-22.28745248307115,641.0979873797605,-2799.0904953572626,160
23,35,3,9.17466067418761,0.011153699791986268,0.010089662820180636,488.0,2.0340395970823204,-489.2559511525981,-24.45487744849958,505.30077739106855,-2812.431021757623,53
22,38,3,11.971827462780814,0.008427684888600732,0.0053372966516084756,490.0,2.042375824939215,-481.2388292328347,-15.778272026461368,502.76243290154343,-2818.949522764682,40
26,39,3,10.321993401467944,0.021731702630351,0.008100011985550085,453.0,1.888155609586662,-690.0103365844844,-25.59080197376969,705.496896584471,-2821.629084247421,177
25,40,3,11.399825525507671,0.025386447669634785,0.008727188449122424,466.0,1.942341090656478,-628.7960078282986,-27.928347126393753,639.1767478282909,-2835.8593977680393,190
26,42,3,11.39865864555322,0.010928215319482602,0.010425582574112465,481.0,2.0048627995831887,-555.1474144648046,-20.00785222222186,582.8245842059223,-2858.286090956365,126
26,41,3,10.832773188036137,0.006868566340600598,0.007492852059589519,476.0,1.9840222299409518,-601.4900596673207,-27.93051146633783,603.1580996673274,-2873.9066205295217,58
25,34,2,11.311418928239616,0.005258710974227414,0.0069718134086186375,491.0,2.0465439388676625,-517.6184611997031,-27.883157204523435,527.4864589655681,-2877.2378841382647,39
22,38,3,11.974522175894185,0.007544906843156996,0.005380348976591401,490.0,2.042375824939215,-529.9646922591786,-20.321108398637357,543.164134400251,-2888.3305201775975,41
23,34,3,8.414378787689346,0.013613313338296823,0.013644612346562354,493.0,2.054880166724557,-530.3148766673855,-16.50488222055818,553.9260114969529,-2918.688704087032,51
25,41,3,11.509029857099282,0.006919645962212514,0.018988132817170038,481.0,2.0048627995831887,-662.0682081120601,-25.177450773015835,663.7362481120581,-3006.179676411768,110
26,42,3,10.880795283565044,0.006724894577161182,0.011770545479265244,499.0,2.0798888502952413,-582.1437897165567,-23.51994876628671,583.8118297165493,-3036.1794000419427,83
25,39,3,9.697255912806407,0.005904115686117614,0.013011807382802418,499.0,2.0798888502952413,-609.8219616033327,-23.38005017928654,611.4900016033371,-3077.6826680134127,87
26,43,3,11.0988305511964,0.0056006146032980125,0.008739716523355225,505.0,2.104897533865926,-640.6990553200039,-20.257570694428896,650.7235038509843,-3177.881632046791,68
19,37,3,11.171943969393466,0.024688749971317495,0.010802550127526366,548.0,2.284126432789163,-435.6270211354103,-14.194335661901409,477.8098411354131,-3244.2042408476327,147
26,43,3,10.34008212013945,0.021409643864709862,0.009667659955932897,531.0,2.2132684960055578,-542.1641717857085,-18.68784766962192,594.5583929659406,-3267.849145046757,149
25,44,3,11.69981416500776,0.00513795058270503,0.010995591344483132,521.0,2.171587356721084,-628.8222850942461,-20.277311462553747,639.5502655869423,-3293.799862476141,75
26,43,3,10.283648050001865,0.0051358625189349815,0.011006311193982536,532.0,2.217436609934005,-618.4930183257219,-20.914739117416506,629.2105084198756,-3370.062966315411,86
26,38,3,6.558874103324632,0.02271476226593049,0.009739225011133161,570.0,2.3758249392150055,-492.15892465567794,-17.51197598940125,515.4848846556888,-3503.3024430124738,174
26,45,3,11.18557772521074,0.0058811756230812764,0.009458766716291714,537.0,2.238277179576242,-693.4285663429154,-20.568411526123676,695.096606342926,-3519.5880698194746,64
25,38,3,7.463930902267277,0.006709883203628337,0.009875870233530534,557.0,2.3216394581451896,-581.825723028683,-30.64412976328851,593.2076515725985,-3524.77287808169,127
24,45,3,10.731820982336998,0.009892772046249889,0.011558947879526467,580.0,2.4175060784994793,-478.3755034349153,-17.145691351888257,505.20055002834306,-3567.7025045832343,90
21,41,3,11.586563892084007,0.005047593829636211,0.006664738095698417,555.0,2.3133032302882945,-647.3749622924211,-39.117525516543715,664.7448050457879,-3610.2655779435586,54
25,47,3,11.514250092401237,0.007625819328604048,0.010365616061837623,564.0,2.350816255644321,-609.1763377661417,-18.864803248354207,616.90012031689,-3621.1453895380637,66
26,46,3,10.979610216426938,0.008649083641590512,0.006565074739152313,552.0,2.3007988885029524,-697.1906022503618,-33.37677874721439,697.1906022503681,-3650.721358256172,42
26,50,3,11.174539789631599,0.0073356775754031284,0.00947654365348027,584.0,2.4341785342132685,-558.0740919472878,-20.937236406463118,583.9174922880429,-3720.4836301584924,100
24,46,3,10.690193908638019,0.018643956040688407,0.015944201435611472,590.0,2.4591872177839527,-557.9134588377747,-17.657632880022614,602.1529588377853,-3779.130137112575,26
23,41,3,8.883293948108406,0.010085356165011104,0.011260660683977942,600.0,2.5008683570684265,-513.3872839404995,-13.676522431189339,546.324493384489,-3789.6538970127162,32
25,50,3,11.204123857926708,0.005425807820756813,0.006052899681486746,607.0,2.530045154567558,-526.5465430657592,-38.04023133631603,535.9433247044872,-3858.412537686751,48
23,41,3,8.741729823917645,0.00936683319039133,0.01148934735947573,604.0,2.517540812782216,-572.2839983899265,-16.427150598830462,591.7669993511463,-3904.891838689815,33
24,43,3,9.255792388892209,0.006236259511479425,0.007853630565361185,598.0,2.492532129211532,-623.3964775133516,-32.161807238792754,631.4107778626021,-3927.3823055915955,47
15,36,3,10.90121443776168,0.025823151646794953,0.010761638036160606,619.0,2.580062521708927,-556.1304916218093,-13.823388088434626,603.7601800006596,-4019.5179638488366,157
25,49,3,9.949591281366207,0.006265068504514097,0.01275625497448188,632.0,2.634248002778743,-618.5007575938683,-25.215392226667202,626.2555330167961,-4202.646068882419,55
23,37,3,6.674793628093198,0.007882545738431706,0.008851010610779484,617.0,2.571726293852032,-768.5354101696017,-30.52409588070449,777.1584970624899,-4303.619655992981,52
22,39,3,7.587288007031993,0.007127812444469562,0.01135999096143118,635.0,2.646752344564085,-678.8602076822999,-25.545619266945977,692.8754309686356,-4321.357174221483,35
13,36,3,11.061849041744157,0.005939213328925477,0.010492265954269548,641.0,2.6717610281347692,-752.4657295032476,-30.08893686525408,760.3843642195352,-4479.188861569079,88
24,52,3,10.141607647011242,0.012271990741073349,0.006309645377237535,663.0,2.7634595345606114,-635.322677606032,-25.144900969853957,647.6253376060358,-4488.568905627259,60
26,41,3,5.848668006730522,0.021981280692491605,0.011421392120882307,665.0,2.771795762417506,-669.2130571266338,-22.44209354747857,696.7594380571518,-4563.428510344969,140
23,36,2,11.764556774317747,0.006941046785530533,0.013071495519901943,664.0,2.767627648489059,-747.0576612143573,-33.0304683541384,759.8984290940625,-4665.56521957492,130
26,59,3,11.08698191737699,0.023877457691820217,0.008035475276757112,676.0,2.8176450156304274,-691.0761509881687,-27.235278835834926,725.2496509351622,-4691.714535600188,188
11,34,3,10.229399659526331,0.019384535164731365,0.009591909590000109,673.0,2.8051406738450853,-735.7591394889232,-32.58467113451362,748.6062194889146,-4723.6020640370025,187
26,35,3,3.182141954189277,0.023804131541526993,0.011758149098035346,692.0,2.8843348384855854,-692.4467244338848,-20.424571945807497,719.9987718920438,-4823.158244545658,165
20,48,3,9.549716098848943,0.015364460080793048,0.017765198255584192,698.0,2.9093435220562696,-716.417452882918,-23.321290640285028,739.8754728829208,-4907.3743625009465,28
24,54,3,8.94345880412554,0.011181238712981342,0.00916841582405636,702.0,2.926015977770059,-717.4523233038722,-28.2672875854913,747.6912936478311,-4946.156654426455,36
20,35,3,5.531655287582119,0.02117907569566751,0.014673254426124802,697.0,2.9051754081278225,-801.324102849686,-23.16251445249611,828.2043428497,-5028.093341975431,15
10,40,3,11.296152279918536,0.00654094053049164,0.008856801223773867,699.0,2.913511635984717,-791.9673047700966,-32.091423420465254,825.2612101136438,-5034.830324138399,72
18,50,3,9.751328233611146,0.028487473539104725,0.018422410256414733,717.0,2.9885376866967697,-725.488344140527,-24.000860152877877,748.5082241405289,-5079.217915619619,8
15,44,3,9.695675751604535,0.0093087345471984,0.009257805790624584,718.0,2.992705800625217,-723.1743515560235,-16.639792085492495,765.7412221318882,-5093.120543080951,50
24,58,3,8.426380960735745,0.01054078601637,0.013505076477283074,742.0,3.0927405349079544,-632.471639694885,-20.04469487644778,654.4955632859837,-5147.20496064143,34
26,40,3,4.626540102237877,0.005638682872274195,0.010138165680857722,706.0,2.942688433483849,-839.815354747026,-30.7698985531646,847.9295834242257,-5152.234003282153,134
26,68,3,11.113891872410129,0.02166838350520141,0.010342320302830204,728.0,3.034386939909691,-723.5019186396718,-28.869363880733022,738.310807518661,-5164.318138606457,168
26,65,3,10.28847957250363,0.02446120744120996,0.015149834008984347,727.0,3.0302188259812435,-740.8686670537737,-24.553705255574375,760.9593070537849,-5184.24134306871,14
25,75,3,11.444991454788978,0.029596855403654865,0.016817638934805604,753.0,3.1385897881208753,-670.7131408844158,-18.870637797733032,685.0497408844276,-5292.304651348153,10
26,77,3,11.97347170559891,0.02989504718394944,0.016635775569331015,743.0,3.0969086488364015,-727.730727333254,-22.265647479370394,747.6143473332504,-5297.58176342062,11
25,65,3,9.425758344526894,0.0263903965731995,0.015464741937474715,753.0,3.1385897881208753,-686.5915293765976,-21.856427016241568,712.6100093765981,-5322.261753008272,22
11,36,3,7.9953628511535255,0.024091390804964457,0.01819251193832105,734.0,3.059395623480375,-905.0517324369599,-30.748963056866796,924.090992436948,-5488.963371921871,23
24,95,3,11.57094128908869,0.009691781768025846,0.011028624329430425,795.0,3.313650573115665,-642.7016509503048,-18.90226553070105,667.1339170360279,-5605.45998225272,129
8,47,3,10.100607068876311,0.00863438091585246,0.010015237121569199,761.0,3.1719346995484545,-876.1162193717297,-26.68743954100096,911.8505921030755,-5678.579658474277,77
26,100,3,11.103815818951022,0.005401413983315451,0.012177268578060814,804.0,3.351163598471692,-718.8162464529262,-27.898758010154346,724.9129696671807,-5786.389804030916,74
26,109,3,11.97640986979712,0.007891063742982284,0.009772743678154333,812.0,3.3845085098992707,-702.9594852517017,-27.236226540852147,720.1586651666821,-5834.779460287669,119
13,42,3,6.4015249373960135,0.00805095587111947,0.012427653651669052,792.0,3.301146231330323,-912.4207138730587,-25.01734316541535,950.4501321429088,-5992.439976921702,6
21,88,3,10.117043657169189,0.02298664240425176,0.014733237796453452,812.0,3.3845085098992707,-838.5805099129011,-28.936155258012995,854.541629912881,-6037.761960193685,21
17,72,3,9.952544228034952,0.006903269357862136,0.011207146207550714,798.0,3.3261549149010072,-925.2143826330114,-31.92718784341484,941.2913028169205,-6051.362582627828,89
26,120,3,10.613637269650463,0.012078398845904115,0.008292241114435477,842.0,3.509551927752692,-689.2277162793175,-23.803147199629446,703.5172562793086,-6062.470514644318,46
12,39,3,5.849491018344542,0.021544255365432426,0.01447395555213728,794.0,3.309482459187218,-978.6504287747988,-29.616425322283675,997.244048774799,-6099.199014068863,17
22,90,3,10.275133775115194,0.023972630987861444,0.016352400197880274,807.0,3.363667940257034,-910.4238137358102,-30.880738779004325,924.1849337358053,-6102.940234995681,13
18,83,3,11.220600937187385,0.0062145578847463395,0.009560304403911203,810.0,3.376172282042376,-945.0095256662113,-29.8357956468185,961.7503882750025,-6181.212863453146,128
26,40,3,2.264008642616746,0.007180675566432863,0.0070529352798526955,812.0,3.3845085098992707,-957.9474521327694,-42.720440076036425,964.0520716341525,-6213.262551755991,78
14,63,3,7.036204386624245,0.016726581261209593,0.009901969309577145,834.0,3.476207016325113,-836.1329773324833,-23.40160407857177,861.3550806564072,-6221.56471071877,20
22,39,2,10.571539184153027,0.007162923515476953,0.007491305965818219,824.0,3.434525877040639,-965.6697946589574,-37.464762164854335,977.898352391032,-6327.417201152237,49
24,43,2,10.945858565741533,0.01761828589622244,0.01587607539506164,832.0,3.4678707884682183,-928.6085324909219,-25.948028534824292,930.4512524909205,-6332.1705385263,27
21,68,3,4.571380295681983,0.027489916815335375,0.013570549027114893,861.0,3.588746092393192,-852.1025614579703,-24.292977911577783,863.1270414579631,-6463.587564764493,25
15,116,3,7.986584841970366,0.008900466011060912,0.00733991780504304,868.0,3.617922889892324,-822.2128304597812,-29.016327458050604,847.5209282582928,-6484.720707119381,0
18,45,3,2.1181395155675466,0.02636489096485257,0.01831661706254213,880.0,3.6679402570336923,-971.7139497489391,-21.282734075411586,1014.1398697489403,-6816.792672098335,19
26,34,1,10.485632409138226,0.020799720128981087,0.011525086640425224,933.0,3.8888502952414035,-936.3521230943672,-40.82195288466634,936.9276430943573,-7186.598730412819,156
26,62,2,11.32009869917275,0.0060258317358397205,0.00965414911162199,1048.0,4.368183397012852,-1120.2368239318664,-35.19787820356648,1131.1123459549217,-8425.679578755387,79
19,34,2,5.607420212107916,0.019283055214670098,0.01476841896563449,1068.0,4.4515456755818,-1106.3914216850922,-32.29070160747772,1110.2800816850904,-8567.851883851985,16
17,52,2,7.8588501931362345,0.021155165385578024,0.01164058646465255,1175.0,4.897533865925669,-1139.6274099901502,-36.12579525927594,1146.4739299901667,-9511.5446863625,24
23,72,2,10.231016767316738,0.02562130419988532,0.0199660816040744,1182.0,4.9267106634248,-1170.3195286265752,-36.449675625285145,1179.0847486265611,-9616.928197351985,12
21,56,2,5.110178956908839,0.01495837407474334,0.01834341003413355,1255.0,5.230982980201459,-1323.2804846980155,-42.428742668897556,1330.2295246980102,-10454.604081716827,18
20,88,2,8.008668763932583,0.01483386797394835,0.017665586840220737,1269.0,5.289336575199722,-1270.8318927569692,-48.38921451422124,1277.6784127569736,-10493.183170986322,29
16,59,2,3.3949386065204186,0.012303616213380452,0.010495427649405375,1327.0,5.53108718304967,-1264.9664075678327,-33.44422624360274,1272.6985875678347,-10966.83449007545,3
9,109,2,9.080725777960454,0.005514612357395061,0.019548647782429915,1293.0,5.38937130948246,-1483.8493941774482,-43.806250704580265,1493.4346174254933,-11013.689946925573,1
26,42,1,11.922893720647048,0.008982329683256008,0.009068959513521215,1450.0,6.043765196248698,-1490.335115221869,-54.6042992831819,1490.3351152218384,-12328.493495258503,97
19,48,1,11.488855372533333,0.02914080082686398,0.017125960221746915,2039.0,8.498784300104203,-2071.803565151867,-51.61436381663395,2071.8035651518403,-18110.435384317858,5
26,82,1,10.410900361273994,0.009468417084316403,0.010578251623292595,2405.0,10.024313997915943,-2417.2200266368072,-65.92616962482089,2417.2200266368063,-21681.050652749578,57
25,102,1,9.880757007251376,0.006437120238328189,0.00842638052993815,2492.0,10.386939909690865,-2554.8673377704504,-65.43250887636484,2554.8673377704617,-22612.72407692505,45
23,52,1,3.834045098534338,0.012606056073988441,0.012871346474483566,2572.0,10.720389023966655,-2563.691671022869,-62.819330913752715,2563.6916710228743,-23292.597487558993,2
16,102,1,7.142344384136116,0.01981036422155106,0.005696756190799966,2618.0,10.912122264675235,-2681.8389417341514,-64.03700555229243,2681.838941734177,-23853.406642506936,4
8,113,1,8.62522284353982,0.012792776902235273,0.012801020317667163,2638.0,10.995484543244183,-2652.9816058106894,-66.96066164248667,2652.9816058106935,-23977.13756136865,7
19,114,1,3.959828624191452,0.006130682222763452,0.009879954961448965,2740.0,11.420632163945815,-2752.6412376104013,-71.70229514539072,2752.641237610421,-24977.396413821778,9
