timestamp,price,position,equity
1764316627.3571684,139.021,0.0,200.804116
1764316629.4321856,139.02,0.0,200.804116
1764316631.5072935,139.021,0.0,200.804116
1764316633.582361,139.02,0.0,200.804116
1764316635.6583061,139.021,0.0,200.804116
1764316637.7329433,139.033,0.0,200.804116
1764316639.892182,139.038,0.0,200.804116
1764316641.966814,139.038,0.0,200.804116
1764316644.040389,139.044,0.0,200.804116
1764316646.1150181,139.043,0.0,200.804116
1764316648.1922462,139.044,0.0,200.804116
1764316650.3530593,139.041,0.0,200.804116
1764316652.428643,139.03,0.0,200.804116
1764316654.5029294,139.009,0.0,200.804116
1764316656.5773463,138.993,0.0,200.804116
1764316658.6518006,138.99,0.0,200.804116
1764316660.810578,138.987,0.0,200.804116
1764316662.8847985,138.988,0.0,200.804116
1764316664.9592519,138.988,0.0,200.804116
1764316667.034387,138.99,0.0,200.804116
1764316669.1136746,138.866,0.0,200.804116
1764316671.2690718,138.888,0.0,200.804116
1764316673.3438,138.881,0.0,200.804116
1764316675.4175005,138.881,0.0,200.804116
1764316677.4921339,138.881,0.0,200.804116
1764316679.5665097,138.893,0.0,200.804116
1764316681.721541,138.888,0.0,200.804116
1764316683.7970123,138.854,0.0,200.804116
1764316685.871396,138.866,0.0,200.804116
1764316687.9481595,138.85,0.0,200.804116
1764316690.02269,138.868,0.0,200.804116
1764316692.1808882,138.861,0.0,200.804116
1764316694.2561367,138.853,0.0,200.804116
1764316696.32884,138.864,0.0,200.804116
1764316698.4039762,138.862,0.0,200.804116
1764316700.4784636,138.879,0.0,200.804116
1764316702.6393235,138.869,0.0,200.804116
1764316704.712588,138.88,0.0,200.804116
1764316706.7871132,138.877,0.0,200.804116
1764316708.8618674,138.881,0.0,200.804116
1764316710.93606,138.871,0.0,200.804116
1764316713.0922313,138.866,0.0,200.804116
1764316715.1653843,138.881,0.0,200.804116
1764316717.2398736,138.902,0.0,200.804116
1764316719.314427,138.902,0.0,200.804116
1764316721.3890371,138.934,0.0,200.804116
1764316723.5533602,138.927,0.0,200.804116
1764316725.6300426,138.914,0.0,200.804116
1764316727.7041771,138.913,0.0,200.804116
1764316729.779208,138.893,0.0,200.804116
1764316731.8523357,138.877,0.0,200.804116
1764316734.0131803,138.867,0.0,200.804116
1764316736.0885727,138.885,0.0,200.804116
1764316738.1640656,138.873,0.0,200.804116
1764316740.2376456,138.885,0.0,200.804116
1764316742.3123536,138.885,0.0,200.804116
1764316744.4827302,138.891,0.0,200.804116
1764316746.5557697,138.935,0.0,200.804116
1764316748.6308951,138.923,0.0,200.804116
1764316750.7066152,138.929,0.0,200.804116
1764316752.7808182,138.931,0.0,200.804116
1764316754.942498,138.887,0.0,200.804116
1764316757.0173745,138.903,0.0,200.804116
1764316759.0903966,138.913,0.0,200.804116
1764316761.1659753,138.913,0.0,200.804116
1764316763.2403166,138.913,0.0,200.804116
1764316765.4007378,138.909,0.0,200.804116
1764316767.473966,138.892,0.0,200.804116
1764316769.548541,138.892,0.0,200.804116
1764316771.622382,138.874,0.0,200.804116
1764316773.697685,138.874,0.0,200.804116
1764316775.8493888,138.844,0.0,200.804116
1764316777.923747,138.832,0.0,200.804116
1764316779.9984436,138.862,0.0,200.804116
1764316782.0725846,138.863,0.0,200.804116
1764316784.1470385,138.879,0.0,200.804116
1764316786.3044345,138.883,0.0,200.804116
1764316788.378216,138.88,0.0,200.804116
1764316790.4528627,138.879,0.0,200.804116
1764316792.5275252,138.877,0.0,200.804116
1764316794.605979,138.86,0.0,200.804116
1764316796.7668705,138.855,0.0,200.804116
1764316798.8416517,138.845,0.0,200.804116
1764316800.9170399,138.84,0.0,200.804116
1764316802.9923844,138.835,0.0,200.804116
1764316805.0674746,138.838,0.0,200.804116
1764316807.2276762,138.838,0.0,200.804116
1764316809.3014734,138.838,0.0,200.804116
1764316811.3761802,138.838,0.0,200.804116
1764316813.452884,138.867,0.0,200.804116
1764316815.527978,138.867,0.0,200.804116
1764316817.6874197,138.876,0.0,200.804116
1764316819.7625592,138.881,0.0,200.804116
1764316821.8419158,138.862,0.0,200.804116
1764316823.9165933,138.881,0.0,200.804116
1764316825.9914682,138.879,0.0,200.804116
1764316828.1480966,138.888,0.0,200.804116
1764316830.222607,138.902,0.0,200.804116
1764316832.2959173,138.921,0.0,200.804116
1764316834.3715465,138.916,0.0,200.804116
1764316836.44612,138.936,0.0,200.804116
1764316838.5983453,138.948,0.0,200.804116
1764316840.6731281,138.935,0.0,200.804116
1764316842.7479887,138.922,0.0,200.804116
1764316844.8226013,138.908,0.0,200.804116
1764316846.897157,138.911,0.0,200.804116
1764316849.0595367,138.905,0.0,200.804116
1764316851.1332595,138.919,0.0,200.804116
1764316853.2075605,138.915,0.0,200.804116
1764316855.2823079,138.918,0.0,200.804116
1764316857.3568907,138.917,0.0,200.804116
1764316859.519258,138.923,0.0,200.804116
1764316861.5951087,138.923,0.0,200.804116
1764316863.6705341,138.927,0.0,200.804116
1764316865.7458086,138.923,0.0,200.804116
1764316867.8193982,138.92,0.0,200.804116
1764316869.9752746,138.925,0.0,200.804116
1764316872.0506084,138.886,0.0,200.804116
1764316874.1251953,138.877,0.0,200.804116
1764316876.1997366,138.885,0.0,200.804116
1764316878.2744653,138.891,0.0,200.804116
1764316880.436464,138.894,0.0,200.804116
1764316882.511167,138.921,0.0,200.804116
1764316884.5862017,138.921,0.0,200.804116
1764316886.6607451,138.923,0.0,200.804116
1764316888.7337403,138.948,0.0,200.804116
1764316890.8971872,138.935,0.0,200.804116
1764316892.971661,138.906,0.0,200.804116
1764316895.04534,138.914,0.0,200.804116
1764316897.1203454,138.938,0.0,200.804116
1764316899.1938164,138.941,0.0,200.804116
1764316901.3537424,138.942,0.0,200.804116
1764316903.4285502,138.982,0.0,200.804116
1764316905.5033789,138.978,0.0,200.804116
1764316907.5778599,138.974,0.0,200.804116
1764316909.6530972,138.989,0.0,200.804116
1764316911.814261,138.957,0.0,200.804116
1764316913.8882608,138.952,0.0,200.804116
1764316915.962225,138.957,0.0,200.804116
1764316918.0366564,138.955,0.0,200.804116
1764316920.111388,138.977,0.0,200.804116
1764316922.2788286,138.963,0.0,200.804116
1764316924.3535354,138.975,0.0,200.804116
1764316926.4284608,138.971,0.0,200.804116
1764316928.5039775,138.964,0.0,200.804116
1764316930.5786026,138.969,0.0,200.804116
1764316932.739265,138.969,0.0,200.804116
1764316934.8140335,138.964,0.0,200.804116
1764316936.889295,138.977,0.0,200.804116
1764316938.9645717,138.981,0.0,200.804116
1764316941.0390856,138.976,0.0,200.804116
1764316943.1953607,138.947,0.0,200.804116
1764316945.2699554,138.947,0.0,200.804116
1764316947.342685,138.974,0.0,200.804116
1764316949.4176123,138.977,0.0,200.804116
1764316951.492248,138.978,0.0,200.804116
1764316953.6428063,138.955,0.0,200.804116
1764316955.718714,138.953,0.0,200.804116
1764316957.792256,138.954,0.0,200.804116
1764316959.8682997,138.958,0.0,200.804116
1764316961.9414616,138.958,0.0,200.804116
1764316964.1018567,138.968,0.0,200.804116
1764316966.1764452,138.969,0.0,200.804116
1764316968.251258,138.971,0.0,200.804116
1764316970.3255777,138.955,0.0,200.804116
1764316972.4002874,138.96,0.0,200.804116
1764316974.5790823,138.96,0.0,200.804116
1764316976.6534195,138.958,0.0,200.804116
1764316978.7280114,138.964,0.0,200.804116
1764316980.803217,138.964,0.0,200.804116
1764316982.877327,138.966,0.0,200.804116
1764316985.0402834,138.985,0.0,200.804116
1764316987.1144388,138.958,0.0,200.804116
1764316989.18807,138.947,0.0,200.804116
1764316991.2623804,138.94,0.0,200.804116
1764316993.3367655,138.931,0.0,200.804116
1764316995.495747,138.932,0.0,200.804116
1764316997.570869,138.931,0.0,200.804116
1764316999.6463566,138.897,0.0,200.804116
1764317001.7209795,138.908,0.0,200.804116
1764317003.79561,138.9,0.0,200.804116
1764317005.98409,138.914,0.0,200.804116
1764317008.0580368,138.93,0.0,200.804116
1764317010.1331933,138.934,0.0,200.804116
1764317012.2066603,138.933,0.0,200.804116
1764317014.2809749,138.897,0.0,200.804116
1764317016.4383132,138.9,0.0,200.804116
1764317018.512509,138.9,0.0,200.804116
1764317020.5869129,138.934,0.0,200.804116
1764317022.6636255,138.902,0.0,200.804116
1764317024.7360668,138.899,0.0,200.804116
1764317026.896447,138.919,0.0,200.804116
1764317028.9722703,138.918,0.0,200.804116
1764317031.0471425,138.918,0.0,200.804116
1764317033.1218207,138.926,0.0,200.804116
1764317035.1965158,138.923,0.0,200.804116
1764317037.3529532,138.929,0.0,200.804116
1764317039.4279125,138.954,0.0,200.804116
1764317041.5031564,138.954,0.0,200.804116
1764317043.5767438,138.939,0.0,200.804116
1764317045.6533744,138.939,0.0,200.804116
1764317047.8111546,138.941,0.0,200.804116
1764317049.8856227,138.956,0.0,200.804116
1764317051.9618015,138.949,0.0,200.804116
1764317054.0361125,138.969,0.0,200.804116
1764317056.1105554,138.969,0.0,200.804116
1764317058.2728987,138.969,0.0,200.804116
1764317060.3469796,138.979,0.0,200.804116
1764317062.4219253,138.987,0.0,200.804116
1764317064.4968574,138.976,0.0,200.804116
1764317066.572635,138.984,0.0,200.804116
1764317068.7258797,138.976,0.0,200.804116
1764317070.8004677,138.984,0.0,200.804116
1764317072.8752859,138.993,0.0,200.804116
1764317074.9498103,138.972,0.0,200.804116
1764317077.024826,138.976,0.0,200.804116
1764317079.185196,138.948,0.0,200.804116
1764317081.2598755,138.945,0.0,200.804116
1764317083.334891,138.97,0.0,200.804116
1764317085.4176264,138.961,0.0,200.804116
1764317087.4921224,138.946,0.0,200.804116
1764317089.654325,138.951,0.0,200.804116
1764317091.7281237,138.966,0.0,200.804116
1764317093.8027802,138.971,0.0,200.804116
1764317095.8773055,138.972,0.0,200.804116
1764317097.9518344,139.002,0.0,200.804116
1764317100.1099203,138.996,0.0,200.804116
1764317102.1841006,138.993,0.0,200.804116
1764317104.2592723,138.983,0.0,200.804116
1764317106.3321161,138.992,0.0,200.804116
1764317108.4060395,139.007,0.0,200.804116
1764317110.5851805,139.008,0.0,200.804116
1764317112.6604788,139.023,0.0,200.804116
1764317114.7347746,139.024,0.0,200.804116
1764317116.8089597,139.045,0.0,200.804116
1764317118.8839915,139.049,0.0,200.804116
1764317121.0459974,139.059,0.0,200.804116
1764317123.1204379,139.074,0.0,200.804116
1764317125.197856,139.081,0.0,200.804116
1764317127.271886,139.081,0.0,200.804116
1764317129.3465416,139.079,0.0,200.804116
1764317131.5087914,139.074,0.0,200.804116
1764317133.5834172,139.048,0.0,200.804116
1764317135.6576915,139.038,0.0,200.804116
1764317137.73247,139.045,0.0,200.804116
1764317139.8065867,139.047,0.0,200.804116
1764317141.9695413,139.048,0.0,200.804116
1764317144.0445423,139.079,0.0,200.804116
1764317146.1190197,139.083,0.0,200.804116
1764317148.193916,139.082,0.0,200.804116
1764317150.270624,139.052,0.0,200.804116
1764317152.4318676,139.037,0.0,200.804116
1764317154.5062559,139.037,0.0,200.804116
1764317156.5813305,139.04,0.0,200.804116
1764317158.6560507,139.037,0.0,200.804116
1764317160.730987,139.041,0.0,200.804116
1764317162.8903143,139.051,0.0,200.804116
1764317164.965277,139.053,0.0,200.804116
1764317167.0383198,139.021,0.0,200.804116
1764317169.1131241,139.021,0.0,200.804116
1764317171.1867137,139.011,0.0,200.804116
1764317173.3444142,139.011,0.0,200.804116
1764317175.4181128,139.011,0.0,200.804116
1764317177.492807,139.034,0.0,200.804116
1764317179.5726838,139.031,0.0,200.804116
1764317181.6482255,139.031,0.0,200.804116
1764317183.8084452,139.04,0.0,200.804116
1764317185.8836825,139.064,0.0,200.804116
1764317187.957182,139.076,0.0,200.804116
1764317190.0318556,139.081,0.0,200.804116
1764317192.1066759,139.081,0.0,200.804116
1764317194.2719939,139.09,0.0,200.804116
1764317196.346523,139.1,0.0,200.804116
1764317198.420525,139.081,0.0,200.804116
1764317200.4965103,139.082,0.0,200.804116
1764317202.570451,139.087,0.0,200.804116
1764317204.7332592,139.087,0.0,200.804116
1764317206.8080611,139.087,0.0,200.804116
1764317208.8823,139.089,0.0,200.804116
1764317210.956281,139.089,0.0,200.804116
1764317213.0304453,139.14,0.0,200.804116
1764317215.1891463,139.133,0.0,200.804116
1764317217.2669287,139.128,0.0,200.804116
1764317219.3402905,139.119,0.0,200.804116
1764317221.415569,139.121,0.0,200.804116
1764317223.4914544,139.122,0.0,200.804116
1764317225.6574554,139.118,0.0,200.804116
1764317227.7322843,139.125,0.0,200.804116
1764317229.8073754,139.134,0.0,200.804116
1764317231.8805544,139.14,0.0,200.804116
1764317233.9548588,139.14,0.0,200.804116
1764317236.1061196,139.147,0.0,200.804116
1764317238.1817713,139.185,0.0,200.804116
1764317240.2564926,139.166,0.0,200.804116
1764317242.3311107,139.164,0.0,200.804116
1764317244.406362,139.187,0.0,200.804116
1764317246.5675786,139.198,0.0,200.804116
1764317248.6417313,139.196,0.0,200.804116
1764317250.7166252,139.196,0.0,200.804116
1764317252.7912073,139.187,0.0,200.804116
1764317254.8654022,139.187,0.0,200.804116
1764317257.0375476,139.153,0.0,200.804116
1764317259.112444,139.153,0.0,200.804116
1764317261.1871881,139.152,0.0,200.804116
1764317263.2627306,139.158,0.0,200.804116
1764317265.3385522,139.137,0.0,200.804116
1764317267.4948735,139.15,0.0,200.804116
1764317269.5694938,139.16,0.0,200.804116
1764317271.645189,139.146,0.0,200.804116
1764317273.7233698,139.176,0.0,200.804116
1764317275.7972007,139.176,0.0,200.804116
1764317277.9561005,139.176,0.0,200.804116
1764317280.0306187,139.153,0.0,200.804116
1764317282.1050138,139.151,0.0,200.804116
1764317284.1790016,139.167,0.0,200.804116
1764317286.2525122,139.154,0.0,200.804116
1764317288.4212935,139.154,0.0,200.804116
1764317290.501654,139.154,0.0,200.804116
1764317292.5802038,139.177,0.0,200.804116
1764317294.6556067,139.177,0.0,200.804116
1764317296.7304912,139.19,0.0,200.804116
1764317298.8846834,139.19,0.0,200.804116
1764317300.960535,139.194,0.0,200.804116
1764317303.0352185,139.16,0.0,200.804116
1764317305.1090145,139.163,0.0,200.804116
1764317307.1844418,139.172,0.0,200.804116
1764317309.3428605,139.17,0.0,200.804116
1764317311.4172945,139.174,0.0,200.804116
1764317313.4925685,139.155,0.0,200.804116
1764317315.5670469,139.152,0.0,200.804116
1764317317.641092,139.147,0.0,200.804116
1764317319.7930312,139.142,0.0,200.804116
1764317321.867829,139.123,0.0,200.804116
1764317323.941802,139.101,0.0,200.804116
1764317326.016703,139.089,0.0,200.804116
1764317328.0915062,139.088,0.0,200.804116
1764317330.24929,139.104,0.0,200.804116
1764317332.323923,139.113,0.0,200.804116
1764317334.3986673,139.115,0.0,200.804116
1764317336.4734433,139.104,0.0,200.804116
1764317338.5456922,139.102,0.0,200.804116
1764317340.7042425,139.101,0.0,200.804116
1764317342.7791266,139.059,0.0,200.804116
1764317344.8533247,139.073,0.0,200.804116
1764317346.9280415,139.072,0.0,200.804116
1764317349.0029778,139.074,0.0,200.804116
1764317351.1563604,139.043,0.0,200.804116
1764317353.2308009,139.055,0.0,200.804116
1764317355.3054168,139.077,0.0,200.804116
1764317357.3800836,139.086,0.0,200.804116
1764317359.4545078,139.087,0.0,200.804116
1764317361.6129575,139.092,0.0,200.804116
1764317363.6870353,139.131,0.0,200.804116
1764317365.7626708,139.135,0.0,200.804116
1764317367.8374338,139.128,0.0,200.804116
1764317369.9125378,139.136,0.0,200.804116
1764317372.0717936,139.129,0.0,200.804116
1764317374.1460643,139.129,0.0,200.804116
1764317376.2205782,139.118,0.0,200.804116
1764317378.2952561,139.118,0.0,200.804116
1764317380.3698032,139.122,0.0,200.804116
1764317382.5242176,139.122,0.0,200.804116
1764317384.5989718,139.147,0.0,200.804116
1764317386.6724644,139.147,0.0,200.804116
1764317388.749652,139.161,0.0,200.804116
1764317390.8240883,139.161,0.0,200.804116
1764317392.986024,139.156,0.0,200.804116
1764317395.06091,139.166,0.0,200.804116
1764317397.1365314,139.166,0.0,200.804116
1764317399.2112987,139.171,0.0,200.804116
1764317401.2964559,139.174,0.0,200.804116
1764317403.4591918,139.155,0.0,200.804116
1764317405.5348153,139.152,0.0,200.804116
1764317407.6083212,139.149,0.0,200.804116
1764317409.6826363,139.124,0.0,200.804116
1764317411.7578259,139.138,0.0,200.804116
1764317413.9190228,139.144,0.0,200.804116
1764317415.9934177,139.141,0.0,200.804116
1764317418.0848982,139.132,0.0,200.804116
1764317420.15983,139.147,0.0,200.804116
1764317422.2343705,139.165,0.0,200.804116
1764317424.3950455,139.152,0.0,200.804116
1764317426.471091,139.152,0.0,200.804116
1764317428.5468316,139.164,0.0,200.804116
1764317430.623377,139.156,0.0,200.804116
1764317432.696122,139.155,0.0,200.804116
1764317434.855922,139.135,0.0,200.804116
1764317436.9283261,139.135,0.0,200.804116
1764317439.0070834,139.159,0.0,200.804116
1764317441.081475,139.191,0.0,200.804116
1764317443.1561081,139.19,0.0,200.804116
1764317445.317923,139.19,0.0,200.804116
1764317447.3936522,139.191,0.0,200.804116
1764317449.4685817,139.189,0.0,200.804116
1764317451.5429196,139.195,0.0,200.804116
1764317453.618145,139.19,0.0,200.804116
1764317455.7789676,139.195,0.0,200.804116
1764317457.8525808,139.2,0.0,200.804116
1764317459.9261482,139.197,0.0,200.804116
1764317462.0011356,139.233,0.0,200.804116
1764317464.076202,139.195,0.0,200.804116
1764317466.2373703,139.214,0.0,200.804116
1764317468.3120568,139.209,0.0,200.804116
1764317470.3891327,139.213,0.0,200.804116
1764317472.46406,139.191,0.0,200.804116
1764317474.5386565,139.193,0.0,200.804116
1764317476.700236,139.242,0.0,200.804116
1764317478.77504,139.273,0.0,200.804116
1764317480.8486316,139.274,0.0,200.804116
1764317482.9218216,139.259,0.0,200.804116
1764317484.999038,139.293,0.0,200.804116
1764317487.1602051,139.348,0.0,200.804116
1764317489.235554,139.361,0.0,200.804116
1764317491.3080218,139.386,0.0,200.804116
1764317493.3829188,139.399,0.0,200.804116
1764317495.4565473,139.395,0.0,200.804116
1764317501.0132792,139.352,0.1,200.802616
1764317503.0882065,139.384,0.1,200.802616
1764317505.1627662,139.446,0.1,200.802616
1764317507.235807,139.479,0.1,200.802616
1764317509.3927467,139.497,0.1,200.811816
1764317511.4663122,139.469,0.1,200.811816
1764317513.5409372,139.503,0.1,200.811816
1764317515.6156764,139.495,0.1,200.811816
1764317517.692429,139.479,0.1,200.811816
1764317519.8448243,139.511,0.1,200.814616
1764317521.9200134,139.5,0.1,200.814616
1764317523.9937103,139.517,0.1,200.814616
1764317526.0685327,139.51,0.1,200.814616
1764317528.1439323,139.525,0.1,200.814616
1764317530.2988455,139.513,0.1,200.817716
1764317532.372215,139.543,0.1,200.817716
1764317534.5035136,139.6,0.1,200.817716
1764317536.578938,139.641,0.1,200.817716
1764317538.6533847,139.622,0.1,200.817716
1764317540.8120816,139.581,0.1,200.82771599999998
1764317542.886272,139.589,0.1,200.82771599999998
1764317544.9610624,139.571,0.1,200.82771599999998
1764317547.0356636,139.557,0.1,200.82771599999998
1764317549.110026,139.524,0.1,200.82771599999998
1764317551.269917,139.521,0.1,200.81661599999998
1764317553.3434725,139.537,0.1,200.81661599999998
1764317555.4171898,139.541,0.1,200.81661599999998
1764317557.4920454,139.544,0.1,200.81661599999998
1764317559.566943,139.55,0.1,200.81661599999998
1764317561.7226841,139.551,0.1,200.819316
1764317563.797169,139.573,0.1,200.819316
1764317565.8711312,139.582,0.1,200.819316
1764317567.9482946,139.548,0.1,200.819316
1764317570.023571,139.549,0.1,200.819316
1764317572.1887379,139.531,0.1,200.820516
1764317574.2625303,139.532,0.1,200.820516
1764317576.3367941,139.518,0.1,200.820516
1764317578.410907,139.5,0.1,200.820516
1764317580.4859607,139.481,0.1,200.820516
1764317582.6420925,139.519,0.1,200.813516
1764317584.7175035,139.516,0.1,200.813516
1764317586.792777,139.501,0.1,200.813516
1764317588.8676095,139.501,0.1,200.813516
1764317590.9413173,139.501,0.1,200.813516
1764317593.0966935,139.483,0.1,200.813516
1764317595.173682,139.523,0.1,200.813516
1764317597.249511,139.522,0.1,200.813516
1764317599.325042,139.52,0.1,200.813516
1764317601.4000955,139.519,0.1,200.813516
1764317603.5587022,139.481,0.1,200.81661599999998
1764317605.6331844,139.459,0.1,200.81661599999998
1764317607.7083461,139.486,0.1,200.81661599999998
1764317609.7830932,139.492,0.1,200.81661599999998
1764317611.8579724,139.486,0.1,200.81661599999998
1764317614.009878,139.486,0.1,200.813416
1764317616.084309,139.48,0.1,200.813416
1764317618.161139,139.484,0.1,200.813416
1764317620.2359154,139.461,0.1,200.813416
1764317622.3115368,139.468,0.1,200.813416
1764317624.4709713,139.494,0.1,200.81151599999998
1764317626.5460372,139.481,0.1,200.81151599999998
1764317628.6206572,139.481,0.1,200.81151599999998
1764317630.6999938,139.48,0.1,200.81151599999998
1764317632.7742739,139.479,0.1,200.81151599999998
1764317634.9276297,139.49,0.1,200.81321599999998
1764317637.002639,139.5,0.1,200.81321599999998
1764317639.078198,139.525,0.1,200.81321599999998
1764317641.152947,139.521,0.1,200.81321599999998
1764317643.2283566,139.534,0.1,200.81321599999998
1764317645.3826947,139.521,0.1,200.818616
1764317647.4592133,139.521,0.1,200.818616
1764317649.5339563,139.525,0.1,200.818616
1764317651.6082664,139.515,0.1,200.818616
1764317653.6839135,139.521,0.1,200.818616
1764317655.8384254,139.525,0.1,200.817216
1764317657.9130838,139.522,0.1,200.817216
1764317659.9884405,139.523,0.1,200.817216
1764317662.063749,139.51,0.1,200.817216
1764317664.1364741,139.486,0.1,200.817216
1764317666.2992628,139.499,0.1,200.814616
1764317668.374698,139.489,0.1,200.814616
1764317670.449919,139.486,0.1,200.814616
1764317672.525182,139.493,0.1,200.814616
1764317674.5994148,139.507,0.1,200.814616
1764317676.7574873,139.499,0.1,200.815116
1764317678.832623,139.5,0.1,200.815116
1764317680.9069808,139.5,0.1,200.815116
1764317682.9872358,139.5,0.1,200.815116
1764317685.0630374,139.496,0.1,200.815116
1764317687.2172377,139.504,0.1,200.814616
1764317689.2917993,139.496,0.1,200.814616
1764317691.3666787,139.503,0.1,200.814616
1764317693.4398296,139.49,0.1,200.814616
1764317695.5142796,139.491,0.1,200.814616
1764317697.6712115,139.476,0.1,200.814616
1764317699.745246,139.476,0.1,200.814616
1764317701.8195643,139.476,0.1,200.814616
1764317703.8942163,139.501,0.1,200.814616
1764317705.9702384,139.522,0.1,200.814616
1764317708.1215339,139.519,0.1,200.818516
1764317710.1979327,139.528,0.1,200.818516
1764317712.2721574,139.519,0.1,200.818516
1764317714.3466706,139.526,0.1,200.818516
1764317716.4219723,139.526,0.1,200.818516
1764317718.5782409,139.474,0.1,200.81661599999998
1764317720.6527646,139.482,0.1,200.81661599999998
1764317722.7286627,139.462,0.1,200.81661599999998
1764317724.8041422,139.418,0.1,200.81661599999998
1764317726.879637,139.418,0.1,200.81661599999998
1764317729.032564,139.421,0.1,200.807516
1764317731.1059296,139.404,0.1,200.807516
1764317733.1799598,139.405,0.1,200.807516
1764317735.2550447,139.388,0.1,200.807516
1764317737.3300903,139.377,0.1,200.807516
1764317739.4934218,139.328,0.1,200.803616
1764317741.5679722,139.339,0.1,200.803616
1764317743.6425056,139.326,0.1,200.803616
1764317745.7175906,139.328,0.1,200.803616
1764317747.791435,139.322,0.1,200.803616
1764317749.9535964,139.322,0.1,200.796516
1764317752.0286841,139.322,0.1,200.796516
1764317754.1034293,139.329,0.1,200.796516
1764317756.1780245,139.35,0.1,200.796516
1764317758.2572784,139.34,0.1,200.796516
1764317760.4121573,139.365,0.1,200.79951599999998
1764317762.487316,139.352,0.1,200.79951599999998
1764317764.5625665,139.352,0.1,200.79951599999998
1764317766.6371658,139.378,0.1,200.79951599999998
1764317768.7119253,139.39,0.1,200.79951599999998
1764317770.8657928,139.401,0.1,200.80291599999998
1764317772.941625,139.437,0.1,200.80291599999998
1764317775.0146859,139.5,0.1,200.80291599999998
1764317777.0894833,139.552,0.1,200.80291599999998
1764317779.165145,139.605,0.1,200.80291599999998
1764317781.326162,139.594,0.1,200.82601599999998
1764317783.4002597,139.607,0.1,200.82601599999998
1764317785.4823563,139.605,0.1,200.82601599999998
1764317787.5567055,139.567,0.1,200.82601599999998
1764317789.6326737,139.569,0.1,200.82601599999998
1764317791.804675,139.569,0.1,200.821616
1764317793.8821926,139.517,0.1,200.821616
1764317795.9562612,139.504,0.1,200.821616
1764317798.031164,139.511,0.1,200.821616
1764317800.105595,139.53,0.1,200.821616
1764317802.2621396,139.524,0.1,200.816516
1764317804.3368118,139.529,0.1,200.816516
1764317806.413479,139.522,0.1,200.816516
1764317808.4880447,139.519,0.1,200.816516
1764317810.5627105,139.524,0.1,200.816516
1764317812.7210238,139.529,0.1,200.818116
1764317814.7959733,139.529,0.1,200.818116
1764317816.8709385,139.568,0.1,200.818116
1764317818.9463246,139.604,0.1,200.818116
1764317821.020558,139.593,0.1,200.818116
1764317823.1769326,139.574,0.1,200.822116
1764317825.2520733,139.565,0.1,200.822116
1764317827.3260741,139.57,0.1,200.822116
1764317829.4004653,139.588,0.1,200.822116
1764317831.4763253,139.61,0.1,200.822116
1764317833.628975,139.597,0.1,200.824916
1764317835.705602,139.568,0.1,200.824916
1764317837.7815213,139.567,0.1,200.824916
1764317839.8565767,139.563,0.1,200.824916
1764317841.931358,139.536,0.1,200.824916
1764317844.0834947,139.529,0.1,200.819716
1764317846.1580122,139.526,0.1,200.819716
1764317848.2326167,139.512,0.1,200.819716
1764317850.3059535,139.535,0.1,200.819716
1764317852.3809679,139.526,0.1,200.819716
1764317854.533405,139.527,0.1,200.817616
1764317856.6087012,139.54,0.1,200.817616
1764317858.6890883,139.514,0.1,200.817616
1764317860.7642555,139.505,0.1,200.817616
1764317862.8392577,139.496,0.1,200.817616
1764317864.9953163,139.49,0.1,200.81571599999998
1764317867.0726035,139.498,0.1,200.81571599999998
1764317869.147789,139.497,0.1,200.81571599999998
1764317871.2221828,139.522,0.1,200.81571599999998
1764317873.296778,139.516,0.1,200.81571599999998
1764317875.451282,139.502,0.1,200.815616
1764317877.5261374,139.501,0.1,200.815616
1764317879.60039,139.509,0.1,200.815616
1764317881.67446,139.444,0.1,200.815616
1764317883.7490563,139.435,0.1,200.815616
1764317885.9043822,139.446,0.1,200.811116
1764317887.9800072,139.446,0.1,200.811116
1764317890.0549946,139.466,0.1,200.811116
1764317892.1290662,139.466,0.1,200.811116
1764317894.2123368,139.436,0.1,200.811116
1764317896.375147,139.422,0.1,200.80971599999998
1764317898.4518414,139.412,0.1,200.80971599999998
1764317900.530961,139.428,0.1,200.80971599999998
1764317902.6054413,139.419,0.1,200.80971599999998
1764317904.6803489,139.431,0.1,200.80971599999998
1764317906.8292866,139.446,0.1,200.808416
1764317908.9044833,139.463,0.1,200.808416
1764317910.9772553,139.456,0.1,200.808416
1764317913.0517554,139.477,0.1,200.808416
1764317915.1268747,139.471,0.1,200.808416
1764317917.2812848,139.478,0.1,200.812016
1764317919.35637,139.482,0.1,200.812016
1764317921.4309092,139.489,0.1,200.812016
1764317923.5045247,139.484,0.1,200.812016
1764317925.57901,139.486,0.1,200.812016
1764317927.738387,139.487,0.1,200.814216
1764317929.812738,139.465,0.1,200.814216
1764317931.8875155,139.462,0.1,200.814216
1764317933.9644322,139.459,0.1,200.814216
1764317936.0393894,139.456,0.1,200.814216
1764317938.1953719,139.456,0.1,200.81061599999998
1764317940.269027,139.427,0.1,200.81061599999998
1764317942.343701,139.425,0.1,200.81061599999998
1764317944.418668,139.427,0.1,200.81061599999998
1764317946.493241,139.398,0.1,200.81061599999998
1764317948.6474035,139.371,0.1,200.806616
1764317950.721989,139.372,0.1,200.806616
1764317952.7966552,139.376,0.1,200.806616
1764317954.8714128,139.354,0.1,200.806616
1764317956.9452505,139.349,0.1,200.806616
1764317959.0966837,139.323,0.1,200.79951599999998
1764317961.1716058,139.329,0.1,200.79951599999998
1764317963.2463145,139.387,0.1,200.79951599999998
1764317965.3211217,139.396,0.1,200.79951599999998
1764317967.3957589,139.404,0.1,200.79951599999998
1764317969.5521836,139.399,0.1,200.805016
1764317971.625861,139.398,0.1,200.805016
1764317973.7007086,139.399,0.1,200.805016
1764317975.7757447,139.398,0.1,200.805016
1764317977.8538074,139.401,0.1,200.805016
1764317980.011787,139.401,0.1,200.80551599999998
1764317982.0866163,139.403,0.1,200.80551599999998
1764317984.1602018,139.421,0.1,200.80551599999998
1764317986.2346647,139.407,0.1,200.80551599999998
1764317988.3100877,139.417,0.1,200.80551599999998
1764317990.4614782,139.408,0.1,200.806116
1764317992.5453768,139.4,0.1,200.806116
1764317994.6204615,139.4,0.1,200.806116
1764317996.695553,139.409,0.1,200.806116
1764317998.76838,139.427,0.1,200.806116
1764318000.9256291,139.435,0.1,200.806916
1764318003.000524,139.52,0.1,200.806916
1764318005.0750961,139.505,0.1,200.806916
1764318007.1499605,139.526,0.1,200.806916
1764318009.22486,139.502,0.1,200.806916
1764318011.3786688,139.53,0.1,200.81571599999998
1764318013.4533813,139.565,0.1,200.81571599999998
1764318015.5284615,139.575,0.1,200.81571599999998
1764318017.6035063,139.572,0.1,200.81571599999998
1764318019.6782193,139.574,0.1,200.81571599999998
1764318021.8322718,139.572,0.1,200.822216
1764318023.9064736,139.575,0.1,200.822216
1764318025.9853144,139.582,0.1,200.822216
1764318028.060997,139.642,0.1,200.822216
1764318030.136191,139.626,0.1,200.822216
1764318032.2924352,139.635,0.1,200.827416
1764318034.3689868,139.703,0.1,200.827416
1764318043.0010614,139.763,0.1,200.836816
1764318045.1579103,139.831,0.1,200.842516
1764318047.2324827,139.822,0.1,200.842516
1764318049.3069544,139.805,0.1,200.842516
1764318051.3802361,139.807,0.1,200.842516
1764318053.4541693,139.776,0.1,200.842516
1764318055.6100729,139.741,0.1,200.84131599999998
1764318057.6844792,139.744,0.1,200.84131599999998
1764318059.7596872,139.738,0.1,200.84131599999998
1764318061.8344824,139.774,0.1,200.84131599999998
1764318063.9093108,139.765,0.1,200.84131599999998
1764318066.0645611,139.758,0.1,200.841016
1764318068.1398964,139.77,0.1,200.841016
1764318070.216127,139.795,0.1,200.841016
1764318072.2914143,139.818,0.1,200.841016
1764318074.3653402,139.799,0.1,200.841016
1764318076.5196326,139.789,0.1,200.84471599999998
1764318078.592593,139.758,0.1,200.84471599999998
1764318080.667244,139.785,0.1,200.84471599999998
1764318082.7419527,139.781,0.1,200.84471599999998
1764318084.816496,139.783,0.1,200.84471599999998
1764318086.9712896,139.783,0.1,200.84321599999998
1764318089.0518208,139.762,0.1,200.84321599999998
1764318091.1263092,139.732,0.1,200.84321599999998
1764318093.2017553,139.69,0.1,200.84321599999998
1764318095.2748337,139.713,0.1,200.84321599999998
1764318097.428403,139.726,0.1,200.83521599999997
1764318099.503038,139.772,0.1,200.83521599999997
1764318101.5775,139.802,0.1,200.83521599999997
1764318103.652946,139.817,0.1,200.83521599999997
1764318105.7272596,139.826,0.1,200.83521599999997
1764318107.8817685,139.828,0.1,200.845916
1764318109.956092,139.842,0.1,200.845916
1764318112.0313134,139.876,0.1,200.845916
1764318114.1077604,139.854,0.1,200.845916
1764318116.1836667,139.869,0.1,200.845916
1764318118.3344817,139.834,0.1,200.84991599999998
1764318120.4091215,139.844,0.1,200.84991599999998
1764318122.4845388,139.867,0.1,200.84991599999998
1764318124.559857,139.866,0.1,200.84991599999998
1764318126.6352954,139.827,0.1,200.84991599999998
1764318128.7892709,139.827,0.1,200.848816
1764318130.8641195,139.828,0.1,200.848816
1764318132.9391618,139.828,0.1,200.848816
1764318135.0140765,139.858,0.1,200.848816
1764318137.0889292,139.884,0.1,200.848816
1764318139.261427,139.877,0.1,200.85151599999998
1764318141.3365662,139.771,0.1,200.85151599999998
1764318143.4116912,139.801,0.1,200.85151599999998
1764318145.4852884,139.828,0.1,200.85151599999998
1764318147.5594923,139.805,0.1,200.85151599999998
1764318149.71273,139.773,0.1,200.84481599999998
1764318151.7874484,139.794,0.1,200.84481599999998
1764318153.8604887,139.79,0.1,200.84481599999998
1764318155.9355967,139.81,0.1,200.84481599999998
1764318158.0149949,139.81,0.1,200.84481599999998
1764318160.1765232,139.799,0.1,200.84391599999998
1764318162.2518334,139.8,0.1,200.84391599999998
1764318164.3261104,139.798,0.1,200.84391599999998
1764318166.4018455,139.8,0.1,200.84391599999998
1764318168.4751565,139.787,0.1,200.84391599999998
1764318170.6287198,139.789,0.1,200.84221599999998
1764318172.7037332,139.786,0.1,200.84221599999998
1764318174.778166,139.787,0.1,200.84221599999998
1764318176.853365,139.784,0.1,200.84221599999998
1764318178.9263227,139.739,0.1,200.84221599999998
1764318181.0824306,139.708,0.1,200.839416
1764318183.1575186,139.731,0.1,200.839416
1764318185.232496,139.729,0.1,200.839416
1764318187.3068848,139.737,0.1,200.839416
1764318189.3817394,139.723,0.1,200.839416
1764318191.5391579,139.735,0.1,200.83631599999998
1764318193.6135352,139.721,0.1,200.83631599999998
1764318195.6872044,139.736,0.1,200.83631599999998
1764318197.7600703,139.743,0.1,200.83631599999998
1764318199.8347461,139.725,0.1,200.83631599999998
1764318201.9905267,139.721,0.1,200.835816
1764318204.0653806,139.736,0.1,200.835816
1764318206.140625,139.752,0.1,200.835816
1764318208.2148325,139.749,0.1,200.835816
1764318210.290233,139.741,0.1,200.835816
1764318212.4468026,139.757,0.1,200.838516
1764318214.5213542,139.744,0.1,200.838516
1764318216.5957716,139.727,0.1,200.838516
1764318218.6707304,139.727,0.1,200.838516
1764318220.7450569,139.736,0.1,200.838516
1764318222.899529,139.741,0.1,200.836516
1764318224.974928,139.741,0.1,200.836516
1764318227.0487661,139.737,0.1,200.836516
1764318229.1234255,139.726,0.1,200.836516
1764318231.198413,139.719,0.1,200.836516
1764318233.3631654,139.688,0.1,200.835916
1764318235.4379997,139.713,0.1,200.835916
1764318237.5121238,139.723,0.1,200.835916
1764318239.5864136,139.736,0.1,200.835916
1764318241.6602042,139.743,0.1,200.835916
1764318243.8140876,139.751,0.1,200.83811599999999
1764318245.8884318,139.758,0.1,200.83811599999999
1764318247.9636347,139.756,0.1,200.83811599999999
1764318250.036677,139.763,0.1,200.83811599999999
1764318252.1116254,139.788,0.1,200.83811599999999
1764318254.2720373,139.813,0.1,200.841116
1764318256.3476534,139.828,0.1,200.841116
1764318258.422597,139.825,0.1,200.841116
1764318260.4988904,139.826,0.1,200.841116
1764318262.572202,139.822,0.1,200.841116
1764318264.7266843,139.826,0.1,200.84571599999998
1764318266.8019805,139.806,0.1,200.84571599999998
1764318268.8745086,139.846,0.1,200.84571599999998
1764318270.9484937,139.861,0.1,200.84571599999998
1764318273.023016,139.875,0.1,200.84571599999998
1764318275.1776695,139.875,0.1,200.85071599999998
1764318277.252139,139.868,0.1,200.85071599999998
1764318279.3270338,139.853,0.1,200.85071599999998
1764318281.4008539,139.81,0.1,200.85071599999998
1764318283.475596,139.79,0.1,200.85071599999998
1764318285.6304383,139.794,0.1,200.845016
1764318287.7054029,139.799,0.1,200.845016
1764318289.7803144,139.81,0.1,200.845016
1764318291.8537865,139.822,0.1,200.845016
1764318293.9283469,139.814,0.1,200.845016
1764318296.088416,139.806,0.1,200.845016
1764318298.1630347,139.8,0.1,200.845016
1764318300.2376926,139.822,0.1,200.845016
1764318302.312368,139.846,0.1,200.845016
1764318304.3879118,139.846,0.1,200.845016
1764318306.5426695,139.86,0.1,200.84821599999998
1764318308.6172163,139.859,0.1,200.84821599999998
1764318310.6925583,139.84,0.1,200.84821599999998
1764318312.767854,139.826,0.1,200.84821599999998
1764318314.8442101,139.844,0.1,200.84821599999998
1764318317.0010583,139.849,0.1,200.848416
1764318319.076331,139.85,0.1,200.848416
1764318321.1509705,139.848,0.1,200.848416
1764318323.2246103,139.825,0.1,200.848416
1764318325.2974534,139.817,0.1,200.848416
1764318327.4525063,139.828,0.1,200.846216
1764318329.527305,139.82,0.1,200.846216
1764318331.6022053,139.83,0.1,200.846216
1764318333.6757424,139.83,0.1,200.846216
1764318335.7512562,139.84,0.1,200.846216
1764318337.9055622,139.842,0.1,200.847916
1764318339.978591,139.841,0.1,200.847916
1764318342.061224,139.845,0.1,200.847916
1764318344.1373844,139.846,0.1,200.847916
1764318346.2121139,139.848,0.1,200.847916
1764318348.3628826,139.848,0.1,200.848016
1764318350.4378903,139.846,0.1,200.848016
1764318352.512082,139.834,0.1,200.848016
1764318354.586123,139.834,0.1,200.848016
1764318356.664694,139.839,0.1,200.848016
1764318358.8220894,139.844,0.1,200.84721599999997
1764318360.897033,139.824,0.1,200.84721599999997
1764318362.9713662,139.847,0.1,200.84721599999997
1764318365.045944,139.857,0.1,200.84721599999997
1764318367.1200721,139.857,0.1,200.84721599999997
1764318369.2750287,139.822,0.1,200.84921599999998
1764318371.3486345,139.811,0.1,200.84921599999998
1764318373.4233098,139.801,0.1,200.84921599999998
1764318375.5030086,139.828,0.1,200.84921599999998
1764318377.5778925,139.828,0.1,200.84921599999998
1764318379.7312768,139.789,0.1,200.846916
1764318381.8058712,139.799,0.1,200.846916
1764318383.8808742,139.794,0.1,200.846916
1764318385.9556167,139.79,0.1,200.846916
1764318388.0290596,139.786,0.1,200.846916
1764318390.183835,139.786,0.1,200.84311599999998
1764318392.257694,139.784,0.1,200.84311599999998
1764318394.331903,139.774,0.1,200.84311599999998
1764318396.4067261,139.774,0.1,200.84311599999998
1764318398.481554,139.786,0.1,200.84311599999998
1764318400.6376238,139.78,0.1,200.84211599999998
1764318402.7127526,139.786,0.1,200.84211599999998
1764318404.787422,139.786,0.1,200.84211599999998
1764318406.8621862,139.785,0.1,200.84211599999998
1764318408.9355483,139.774,0.1,200.84211599999998
1764318411.0915163,139.784,0.1,200.841816
1764318413.1658666,139.789,0.1,200.841816
1764318415.2401488,139.783,0.1,200.841816
1764318417.314259,139.768,0.1,200.841816
1764318419.3883874,139.757,0.1,200.841816
1764318421.5469358,139.704,0.1,200.839016
1764318423.6220958,139.707,0.1,200.839016
1764318425.6963742,139.705,0.1,200.839016
1764318427.771031,139.71,0.1,200.839016
1764318429.844455,139.71,0.1,200.839016
1764318432.0004284,139.73,0.1,200.83451599999998
1764318434.075647,139.741,0.1,200.83451599999998
1764318436.1500068,139.752,0.1,200.83451599999998
1764318438.225138,139.743,0.1,200.83451599999998
1764318440.298099,139.744,0.1,200.83451599999998
1764318442.4481142,139.744,0.1,200.83811599999999
1764318444.5227447,139.747,0.1,200.83811599999999
1764318446.5975351,139.742,0.1,200.83811599999999
1764318448.6731632,139.733,0.1,200.83811599999999
1764318450.7465634,139.73,0.1,200.83811599999999
1764318452.899846,139.739,0.1,200.83721599999998
1764318454.9742095,139.72,0.1,200.83721599999998
1764318457.0467832,139.72,0.1,200.83721599999998
1764318459.1200976,139.721,0.1,200.83721599999998
1764318461.1952376,139.74,0.1,200.83721599999998
1764318463.3747764,139.733,0.1,200.83791599999998
1764318465.4495862,139.722,0.1,200.83791599999998
1764318467.522919,139.712,0.1,200.83791599999998
1764318469.597692,139.721,0.1,200.83791599999998
1764318471.6730962,139.734,0.1,200.83791599999998
1764318473.8267672,139.739,0.1,200.836816
1764318475.9013696,139.74,0.1,200.836816
1764318477.9763527,139.725,0.1,200.836816
1764318480.0509365,139.725,0.1,200.836816
1764318482.1247497,139.74,0.1,200.836816
1764318484.2787032,139.754,0.1,200.83791599999998
1764318486.3534377,139.744,0.1,200.83791599999998
1764318488.4281201,139.741,0.1,200.83791599999998
1764318490.502454,139.708,0.1,200.83791599999998
1764318492.5768209,139.714,0.1,200.83791599999998
1764318494.7309635,139.722,0.1,200.83551599999998
1764318496.8039289,139.725,0.1,200.83551599999998
1764318498.8777845,139.721,0.1,200.83551599999998
1764318500.9524505,139.721,0.1,200.83551599999998
1764318503.0270686,139.715,0.1,200.83551599999998
1764318505.1801538,139.715,0.1,200.835716
1764318507.2545037,139.715,0.1,200.835716
1764318509.3294692,139.716,0.1,200.835716
1764318511.4039834,139.716,0.1,200.835716
1764318513.4802017,139.717,0.1,200.835716
1764318515.637379,139.721,0.1,200.835716
1764318517.7121832,139.721,0.1,200.835716
1764318519.786991,139.722,0.1,200.835716
1764318521.8600886,139.718,0.1,200.835716
1764318523.9345095,139.718,0.1,200.835716
1764318526.0878272,139.721,0.1,200.83521599999997
1764318528.16203,139.718,0.1,200.83521599999997
1764318530.2369273,139.717,0.1,200.83521599999997
1764318532.3116927,139.721,0.1,200.83521599999997
1764318534.386384,139.76,0.1,200.83521599999997
1764318536.5456827,139.753,0.1,200.83971599999998
1764318538.6216848,139.773,0.1,200.83971599999998
1764318540.7027643,139.775,0.1,200.83971599999998
1764318542.777234,139.773,0.1,200.83971599999998
1764318544.8518703,139.766,0.1,200.83971599999998
1764318547.007821,139.741,0.1,200.84041599999998
1764318549.0824502,139.749,0.1,200.84041599999998
1764318551.1598654,139.743,0.1,200.84041599999998
1764318553.233205,139.728,0.1,200.84041599999998
1764318555.3073118,139.731,0.1,200.84041599999998
1764318557.4609497,139.738,0.1,200.836816
1764318559.5357337,139.728,0.1,200.836816
1764318561.6101146,139.728,0.1,200.836816
1764318563.6837444,139.721,0.1,200.836816
1764318565.7576911,139.72,0.1,200.836816
1764318567.9099548,139.72,0.1,200.83631599999998
1764318569.9840548,139.703,0.1,200.83631599999998
1764318572.058419,139.701,0.1,200.83631599999998
1764318574.133608,139.702,0.1,200.83631599999998
1764318576.2085488,139.717,0.1,200.83631599999998
1764318578.3662655,139.717,0.1,200.835816
1764318580.4411263,139.718,0.1,200.835816
1764318582.516424,139.718,0.1,200.835816
1764318584.5928648,139.718,0.1,200.835816
1764318586.6654809,139.719,0.1,200.835816
1764318588.820213,139.719,0.1,200.83611599999998
1764318590.8929358,139.715,0.1,200.83611599999998
1764318592.967548,139.715,0.1,200.83611599999998
1764318595.042241,139.715,0.1,200.83611599999998
1764318597.1179798,139.715,0.1,200.83611599999998
1764318599.2732656,139.721,0.1,200.83551599999998
1764318601.3491547,139.736,0.1,200.83551599999998
1764318603.422897,139.762,0.1,200.83551599999998
1764318605.498091,139.758,0.1,200.83551599999998
1764318607.5709236,139.692,0.1,200.83551599999998
1764318609.7380545,139.693,0.1,200.839416
1764318611.8125417,139.691,0.1,200.839416
1764318613.8862014,139.694,0.1,200.839416
1764318615.960449,139.693,0.1,200.839416
1764318618.0394113,139.706,0.1,200.839416
1764318620.1915143,139.702,0.1,200.83371599999998
1764318622.2659903,139.706,0.1,200.83371599999998
1764318624.3408144,139.699,0.1,200.83371599999998
1764318626.415571,139.711,0.1,200.83371599999998
1764318628.490473,139.71,0.1,200.83371599999998
1764318630.647789,139.701,0.1,200.83451599999998
1764318632.7222843,139.695,0.1,200.83451599999998
1764318634.7970889,139.695,0.1,200.83451599999998
1764318636.871665,139.703,0.1,200.83451599999998
1764318638.9463415,139.702,0.1,200.83451599999998
1764318641.0960994,139.703,0.1,200.83361599999998
1764318643.1706424,139.723,0.1,200.83361599999998
1764318645.2449052,139.728,0.1,200.83361599999998
1764318647.3204067,139.729,0.1,200.83361599999998
1764318649.3933034,139.73,0.1,200.83361599999998
1764318651.5551443,139.731,0.1,200.837416
1764318653.6308084,139.739,0.1,200.837416
1764318655.7092235,139.741,0.1,200.837416
1764318657.7843945,139.716,0.1,200.837416
1764318659.8594134,139.652,0.1,200.837416
1764318662.0105598,139.603,0.1,200.827416
1764318664.0844917,139.6,0.1,200.827416
1764318666.159106,139.593,0.1,200.827416
1764318668.233752,139.573,0.1,200.827416
1764318670.3088868,139.571,0.1,200.827416
1764318672.4698484,139.583,0.1,200.820616
1764318674.5445414,139.584,0.1,200.820616
1764318676.6203587,139.594,0.1,200.820616
1764318678.6964262,139.594,0.1,200.820616
1764318680.7713447,139.598,0.1,200.820616
1764318682.93253,139.616,0.1,200.823616
1764318685.006912,139.612,0.1,200.823616
1764318687.0818439,139.627,0.1,200.823616
1764318689.1549678,139.633,0.1,200.823616
1764318691.2278483,139.643,0.1,200.823616
1764318693.3884785,139.626,0.1,200.82751599999997
1764318695.4632325,139.625,0.1,200.82751599999997
1764318697.5393257,139.628,0.1,200.82751599999997
1764318699.6136215,139.617,0.1,200.82751599999997
1764318701.688914,139.621,0.1,200.82751599999997
1764318703.8462715,139.605,0.1,200.825516
1764318705.9212983,139.614,0.1,200.825516
1764318707.9953456,139.62,0.1,200.825516
1764318710.06868,139.615,0.1,200.825516
1764318712.1433868,139.614,0.1,200.825516
1764318714.301662,139.614,0.1,200.824616
1764318716.3760796,139.628,0.1,200.824616
1764318718.4520237,139.609,0.1,200.824616
1764318720.528695,139.613,0.1,200.824616
1764318722.6023595,139.633,0.1,200.824616
1764318724.7558637,139.625,0.1,200.82681599999998
1764318726.830324,139.62,0.1,200.82681599999998
1764318728.9137661,139.603,0.1,200.82681599999998
1764318730.9889019,139.592,0.1,200.82681599999998
1764318733.0644841,139.594,0.1,200.82681599999998
1764318735.2214272,139.593,0.1,200.82261599999998
1764318737.2958202,139.596,0.1,200.82261599999998
1764318739.369337,139.596,0.1,200.82261599999998
1764318741.4436877,139.583,0.1,200.82261599999998
1764318743.5174725,139.568,0.1,200.82261599999998
1764318745.6758814,139.564,0.1,200.821216
1764318747.7505383,139.564,0.1,200.821216
1764318749.825609,139.572,0.1,200.821216
1764318751.9011238,139.593,0.1,200.821216
1764318753.975686,139.592,0.1,200.821216
1764318756.138908,139.583,0.1,200.82251599999998
1764318758.2136357,139.585,0.1,200.82251599999998
1764318760.2866936,139.544,0.1,200.82251599999998
1764318762.3610032,139.547,0.1,200.82251599999998
1764318764.4379663,139.544,0.1,200.82251599999998
1764318766.5993965,139.555,0.1,200.819516
1764318768.6723082,139.56,0.1,200.819516
1764318770.7683916,139.548,0.1,200.819516
1764318772.8442366,139.576,0.1,200.819516
1764318774.9192996,139.562,0.1,200.819516
1764318777.07969,139.571,0.1,200.820416
1764318779.1547484,139.574,0.1,200.820416
1764318781.2340493,139.573,0.1,200.820416
1764318783.3088999,139.582,0.1,200.820416
1764318785.3839633,139.555,0.1,200.820416
1764318787.544021,139.536,0.1,200.82151599999997
1764318789.6183708,139.526,0.1,200.82151599999997
1764318791.691578,139.525,0.1,200.82151599999997
1764318793.7660882,139.53,0.1,200.82151599999997
1764318795.8414276,139.549,0.1,200.82151599999997
1764318798.0003915,139.549,0.1,200.818516
1764318800.07542,139.539,0.1,200.818516
1764318802.1501322,139.572,0.1,200.818516
1764318804.2241392,139.581,0.1,200.818516
1764318806.2988055,139.582,0.1,200.818516
1764318808.4611766,139.583,0.1,200.822016
1764318810.5461905,139.58,0.1,200.822016
1764318812.620967,139.592,0.1,200.822016
1764318814.6952093,139.585,0.1,200.822016
1764318816.7685947,139.585,0.1,200.822016
1764318818.929426,139.573,0.1,200.82261599999998
1764318821.004261,139.578,0.1,200.82261599999998
1764318823.0796094,139.574,0.1,200.82261599999998
1764318825.153255,139.585,0.1,200.82261599999998
1764318827.22788,139.588,0.1,200.82261599999998
1764318829.3866143,139.588,0.1,200.82321599999997
1764318831.461229,139.57,0.1,200.82321599999997
1764318833.5375137,139.572,0.1,200.82321599999997
1764318835.6175919,139.575,0.1,200.82321599999997
1764318837.6919928,139.593,0.1,200.82321599999997
1764318839.851024,139.596,0.1,200.823716
1764318841.9255114,139.609,0.1,200.823716
1764318843.998059,139.626,0.1,200.823716
1764318846.07272,139.639,0.1,200.823716
1764318848.1478155,139.647,0.1,200.823716
1764318850.3044622,139.647,0.1,200.828916
1764318852.3794112,139.667,0.1,200.828916
1764318854.4519706,139.685,0.1,200.828916
1764318856.5264604,139.675,0.1,200.828916
1764318858.600097,139.679,0.1,200.828916
1764318860.7557898,139.684,0.1,200.83201599999998
1764318862.8320584,139.69,0.1,200.83201599999998
1764318864.908418,139.692,0.1,200.83201599999998
1764318866.9814482,139.699,0.1,200.83201599999998
1764318869.0561423,139.73,0.1,200.83201599999998
1764318871.223317,139.741,0.1,200.833916
1764318873.296506,139.734,0.1,200.833916
1764318875.371251,139.746,0.1,200.833916
1764318877.4457107,139.764,0.1,200.833916
1764318879.5205116,139.761,0.1,200.833916
1764318881.681646,139.763,0.1,200.839416
1764318883.7580082,139.755,0.1,200.839416
1764318885.8326485,139.76,0.1,200.839416
1764318887.9102197,139.76,0.1,200.839416
1764318889.98485,139.752,0.1,200.839416
1764318892.1365764,139.762,0.1,200.839316
1764318894.2112327,139.739,0.1,200.839316
1764318896.2842093,139.724,0.1,200.839316
1764318898.3606873,139.735,0.1,200.839316
1764318900.4379044,139.734,0.1,200.839316
1764318902.600536,139.765,0.1,200.83871599999998
1764318904.6753883,139.749,0.1,200.83871599999998
1764318906.750238,139.748,0.1,200.83871599999998
1764318908.8237042,139.762,0.1,200.83871599999998
1764318910.906422,139.784,0.1,200.83871599999998
1764318913.0678892,139.787,0.1,200.840216
1764318915.143031,139.816,0.1,200.840216
1764318917.217913,139.859,0.1,200.840216
1764318919.2929523,139.836,0.1,200.840216
1764318921.3679073,139.851,0.1,200.840216
1764318923.52643,139.852,0.1,200.849616
1764318925.6013694,139.857,0.1,200.849616
1764318927.6760693,139.863,0.1,200.849616
1764318929.7508276,139.863,0.1,200.849616
1764318931.8243656,139.875,0.1,200.849616
1764318933.9828594,139.843,0.1,200.85181599999999
1764318936.057966,139.843,0.1,200.85181599999999
1764318938.131351,139.844,0.1,200.85181599999999
1764318940.204773,139.873,0.1,200.85181599999999
1764318942.2800608,139.897,0.1,200.85181599999999
1764318944.4393268,139.946,0.1,200.853616
1764318946.5140731,139.976,0.1,200.853616
1764318948.5898328,139.982,0.1,200.853616
1764318950.6641507,139.978,0.1,200.853616
1764318952.7385733,139.975,0.1,200.853616
1764318954.8953376,139.953,0.1,200.861616
1764318956.9693577,139.95,0.1,200.861616
1764318959.0438228,139.937,0.1,200.861616
1764318961.1185517,140.026,0.1,200.861616
1764318966.5770178,140.162,0.1,200.875216
1764318971.9037716,140.2,0.0,200.878816
1764318973.97712,140.133,0.0,200.878816
1764318976.0505154,140.118,0.0,200.878816
1764318978.1243062,140.086,0.0,200.878816
1764318983.4480193,140.058,0.1,200.883016
1764318985.52267,140.072,0.1,200.883016
1764318987.5974994,140.116,0.1,200.883016
1764318989.6714692,140.068,0.1,200.883016
1764318991.8362885,140.094,0.1,200.881716
1764318993.911121,140.101,0.1,200.881716
1764318995.9861944,140.122,0.1,200.881716
1764318998.063961,140.112,0.1,200.881716
1764319000.1384404,140.111,0.1,200.881716
1764319002.2944055,140.104,0.1,200.883116
1764319004.368306,140.101,0.1,200.883116
1764319006.4421408,140.092,0.1,200.883116
1764319008.5174446,140.084,0.1,200.883116
1764319010.5931287,140.095,0.1,200.883116
1764319012.7505467,140.095,0.1,200.881016
1764319014.8295777,140.115,0.1,200.881016
1764319016.904516,140.111,0.1,200.881016
1764319018.9787912,140.136,0.1,200.881016
1764319021.0533962,140.138,0.1,200.881016
1764319023.2058651,140.167,0.1,200.885816
1764319025.2831018,140.137,0.1,200.885816
1764319027.3558633,140.128,0.1,200.885816
1764319029.4304671,140.185,0.1,200.885816
1764319031.504283,140.193,0.1,200.885816
1764319033.660952,140.2,0.1,200.890516
1764319035.7371895,140.207,0.1,200.890516
1764319037.8106735,140.186,0.1,200.890516
1764319039.8849058,140.189,0.1,200.890516
1764319041.960021,140.184,0.1,200.890516
1764319044.115749,140.171,0.1,200.891116
1764319046.1913881,140.161,0.1,200.891116
1764319048.2661903,140.127,0.1,200.891116
1764319050.3411026,140.155,0.1,200.891116
1764319052.4154882,140.166,0.1,200.891116
1764319054.5961332,140.162,0.1,200.887016
1764319056.67013,140.161,0.1,200.887016
1764319058.7455814,140.157,0.1,200.887016
1764319060.820169,140.157,0.1,200.887016
1764319062.8950412,140.162,0.1,200.887016
1764319065.0561986,140.134,0.1,200.887716
1764319067.13129,140.114,0.1,200.887716
1764319069.2060592,140.125,0.1,200.887716
1764319071.2847219,140.129,0.1,200.887716
1764319073.3595002,140.131,0.1,200.887716
1764319075.5198405,140.121,0.1,200.884016
1764319077.5993202,140.133,0.1,200.884016
1764319079.6730905,140.129,0.1,200.884016
1764319081.7480452,140.127,0.1,200.884016
1764319083.8205645,140.102,0.1,200.884016
1764319085.979118,140.121,0.1,200.884016
1764319088.0535872,140.117,0.1,200.884016
1764319090.1276596,140.117,0.1,200.884016
1764319092.2022316,140.098,0.1,200.884016
1764319094.2760758,140.102,0.1,200.884016
1764319096.42644,140.096,0.1,200.881716
1764319098.502882,140.132,0.1,200.881716
1764319100.5783062,140.127,0.1,200.881716
1764319102.652814,140.127,0.1,200.881716
1764319104.727357,140.12,0.1,200.881716
1764319106.8823595,140.121,0.1,200.883916
1764319108.958507,140.124,0.1,200.883916
1764319111.034445,140.137,0.1,200.883916
1764319113.1084285,140.139,0.1,200.883916
1764319115.1827092,140.132,0.1,200.883916
1764319117.3387547,140.141,0.1,200.886016
1764319119.411741,140.137,0.1,200.886016
1764319121.4864998,140.138,0.1,200.886016
1764319123.561792,140.14,0.1,200.886016
1764319125.6364737,140.152,0.1,200.886016
1764319127.7887557,140.112,0.1,200.886216
1764319129.8641317,140.117,0.1,200.886216
1764319131.9377751,140.117,0.1,200.886216
1764319134.0124753,140.118,0.1,200.886216
1764319136.0869348,140.117,0.1,200.886216
1764319138.241441,140.1,0.1,200.883016
1764319140.3151975,140.088,0.1,200.883016
1764319142.3894656,140.088,0.1,200.883016
1764319144.4640503,140.094,0.1,200.883016
1764319146.5389638,140.092,0.1,200.883016
1764319148.693186,140.085,0.1,200.880016
1764319150.7680414,140.092,0.1,200.880016
1764319152.8425095,140.097,0.1,200.880016
1764319154.9170897,140.108,0.1,200.880016
1764319156.9924471,140.105,0.1,200.880016
1764319159.147868,140.104,0.1,200.882816
1764319161.2222416,140.079,0.1,200.882816
1764319163.2956254,140.079,0.1,200.882816
1764319165.3683608,140.083,0.1,200.882816
1764319167.4429312,140.068,0.1,200.882816
1764319169.596385,140.063,0.1,200.879916
1764319171.678545,140.061,0.1,200.879916
1764319173.7538862,140.042,0.1,200.879916
1764319175.8293715,140.068,0.1,200.879916
1764319177.905096,140.066,0.1,200.879916
1764319180.0607023,140.068,0.1,200.878916
1764319182.136383,140.047,0.1,200.878916
1764319184.211838,140.053,0.1,200.878916
1764319186.2863772,140.062,0.1,200.878916
1764319188.3605993,140.058,0.1,200.878916
1764319190.524788,140.056,0.1,200.877816
1764319192.600045,140.046,0.1,200.877816
1764319194.674965,140.042,0.1,200.877816
1764319196.749877,140.023,0.1,200.877816
1764319198.8250625,140.023,0.1,200.877816
1764319200.9890075,140.062,0.1,200.874816
1764319203.0642483,140.083,0.1,200.874816
1764319205.1385498,140.078,0.1,200.874816
1764319207.2123563,140.098,0.1,200.874816
1764319209.291714,140.116,0.1,200.874816
1764319211.4419646,140.111,0.1,200.882916
1764319213.5159197,140.094,0.1,200.882916
1764319215.590524,140.096,0.1,200.882916
1764319217.6641316,140.073,0.1,200.882916
1764319219.7443464,140.087,0.1,200.882916
1764319221.897699,140.085,0.1,200.880616
1764319223.9724667,140.083,0.1,200.880616
1764319226.0472825,140.082,0.1,200.880616
1764319228.120199,140.061,0.1,200.880616
1764319230.1949005,140.061,0.1,200.880616
1764319232.3504248,140.041,0.1,200.877716
1764319234.4256134,140.046,0.1,200.877716
1764319236.5003223,140.043,0.1,200.877716
1764319238.5746174,140.042,0.1,200.877716
1764319240.6495652,140.038,0.1,200.877716
1764319242.8024752,140.051,0.1,200.877716
1764319244.8771932,140.086,0.1,200.877716
1764319246.954453,140.087,0.1,200.877716
1764319249.0284147,140.072,0.1,200.877716
1764319251.1033082,140.07,0.1,200.877716
1764319253.260397,140.07,0.1,200.879816
1764319255.335042,140.044,0.1,200.879816
1764319257.4106834,140.057,0.1,200.879816
1764319259.4851282,140.052,0.1,200.879816
1764319261.5594637,140.062,0.1,200.879816
1764319263.7163355,140.056,0.1,200.877616
1764319265.7905734,140.017,0.1,200.877616
1764319267.8643298,140.0,0.1,200.877616
1764319269.9376683,140.004,0.1,200.877616
1764319272.0126715,140.018,0.1,200.877616
1764319274.1714165,140.014,0.1,200.872816
1764319276.2462726,140.013,0.1,200.872816
1764319278.321396,140.005,0.1,200.872816
1764319280.3967695,139.993,0.1,200.872816
1764319282.4711192,140.011,0.1,200.872816
1764319284.6283,140.0,0.1,200.872716
1764319286.7014003,140.011,0.1,200.872716
1764319288.7754083,140.011,0.1,200.872716
1764319290.8535554,139.99,0.1,200.872716
1764319292.928349,139.99,0.1,200.872716
1764319295.0807924,139.98,0.1,200.870616
1764319297.1551871,139.989,0.1,200.870616
1764319299.2279747,139.989,0.1,200.870616
1764319301.3026712,139.981,0.1,200.870616
1764319303.3777466,139.977,0.1,200.870616
1764319305.532646,139.971,0.1,200.869716
1764319307.6064281,139.984,0.1,200.869716
1764319309.681964,139.98,0.1,200.869716
1764319311.75601,139.98,0.1,200.869716
1764319313.8305035,139.99,0.1,200.869716
1764319315.98843,139.991,0.1,200.869716
1764319318.0642622,139.984,0.1,200.869716
1764319320.1378481,139.985,0.1,200.869716
1764319322.212075,139.975,0.1,200.869716
1764319324.2863767,139.963,0.1,200.869716
1764319326.444295,139.959,0.1,200.868616
1764319328.5246408,139.955,0.1,200.868616
1764319330.599113,139.977,0.1,200.868616
1764319332.6735227,139.965,0.1,200.868616
1764319334.7483947,139.964,0.1,200.868616
1764319336.920828,139.98,0.1,200.866716
1764319338.9953523,139.972,0.1,200.866716
1764319341.068661,139.967,0.1,200.866716
1764319343.1430197,139.964,0.1,200.866716
1764319345.217907,139.964,0.1,200.866716
1764319347.3731596,139.967,0.1,200.867716
1764319349.4473195,139.967,0.1,200.867716
1764319351.520328,139.973,0.1,200.867716
1764319353.5934234,139.964,0.1,200.867716
1764319355.6664975,139.969,0.1,200.867716
1764319357.8190236,139.965,0.1,200.867616
1764319359.8922274,139.961,0.1,200.867616
1764319361.966995,139.958,0.1,200.867616
1764319364.0406466,139.951,0.1,200.867616
1764319366.1158707,139.975,0.1,200.867616
1764319368.270052,139.975,0.1,200.868416
1764319370.3455358,139.952,0.1,200.868416
1764319372.4208157,139.957,0.1,200.868416
1764319374.4954627,139.945,0.1,200.868416
1764319376.5717366,139.94,0.1,200.868416
1764319378.7257931,139.942,0.1,200.864616
1764319380.8008707,139.97,0.1,200.864616
1764319382.8759058,139.953,0.1,200.864616
1764319384.9507406,139.955,0.1,200.864616
1764319387.0242703,139.957,0.1,200.864616
1764319389.1818004,139.929,0.1,200.867016
1764319391.2563617,139.924,0.1,200.867016
1764319393.3292506,139.941,0.1,200.867016
1764319395.40314,139.931,0.1,200.867016
1764319397.475581,139.944,0.1,200.867016
1764319399.63982,139.942,0.1,200.865716
1764319401.714672,139.967,0.1,200.865716
1764319403.78838,139.947,0.1,200.865716
1764319405.8639317,139.94,0.1,200.865716
1764319407.9385304,139.934,0.1,200.865716
1764319410.0969293,139.959,0.1,200.867016
1764319412.1720154,139.951,0.1,200.867016
1764319414.2470236,139.953,0.1,200.867016
1764319416.3218863,139.946,0.1,200.867016
1764319418.395825,139.952,0.1,200.867016
1764319420.5504146,139.952,0.1,200.866416
1764319422.6247623,139.955,0.1,200.866416
1764319424.7003222,139.955,0.1,200.866416
1764319426.773567,139.985,0.1,200.866416
1764319428.8482008,139.97,0.1,200.866416
1764319431.0022476,139.961,0.1,200.869516
1764319433.079317,139.97,0.1,200.869516
1764319435.1524708,139.973,0.1,200.869516
1764319437.2268069,139.974,0.1,200.869516
1764319439.3015556,139.975,0.1,200.869516
1764319441.45738,139.981,0.1,200.869116
1764319443.5312476,139.974,0.1,200.869116
1764319445.6049683,139.976,0.1,200.869116
1764319447.6827073,139.993,0.1,200.869116
1764319449.7574213,139.993,0.1,200.869116
1764319451.9105575,139.994,0.1,200.870316
1764319453.9840584,139.993,0.1,200.870316
1764319456.05898,139.996,0.1,200.870316
1764319458.1335614,139.994,0.1,200.870316
1764319460.2081559,140.003,0.1,200.870316
1764319462.3659096,140.012,0.1,200.870116
1764319464.4392676,139.999,0.1,200.870116
1764319466.5125406,139.994,0.1,200.870116
1764319468.5871844,139.995,0.1,200.870116
1764319470.6618664,139.993,0.1,200.870116
1764319472.8156245,139.995,0.1,200.870216
1764319474.889636,140.001,0.1,200.870216
1764319476.9648535,140.011,0.1,200.870216
1764319479.0396237,140.006,0.1,200.870216
1764319481.1142218,140.005,0.1,200.870216
1764319483.270348,140.005,0.1,200.872016
1764319485.3448973,140.003,0.1,200.872016
1764319487.4197161,140.01,0.1,200.872016
1764319489.4944701,139.995,0.1,200.872016
1764319491.5678868,140.0,0.1,200.872016
1764319493.7246025,139.985,0.1,200.871416
1764319495.7992883,139.984,0.1,200.871416
1764319497.8736045,139.987,0.1,200.871416
1764319499.9506946,139.99,0.1,200.871416
1764319502.0250382,139.999,0.1,200.871416
1764319504.1794908,139.95,0.1,200.870716
1764319506.2532258,139.96,0.1,200.870716
1764319508.3282626,139.992,0.1,200.870716
1764319510.4028854,140.005,0.1,200.870716
1764319512.477288,140.013,0.1,200.870716
1764319514.6335561,140.012,0.1,200.871216
1764319516.706857,140.034,0.1,200.871216
1764319518.7814915,140.044,0.1,200.871216
1764319520.8572364,140.046,0.1,200.871216
1764319522.9321482,140.037,0.1,200.871216
1764319525.0919266,140.041,0.1,200.874916
1764319527.166321,140.045,0.1,200.874916
1764319529.2401,140.047,0.1,200.874916
1764319531.314558,140.046,0.1,200.874916
1764319533.3890288,140.103,0.1,200.874916
1764319535.5527887,140.165,0.1,200.881216
1764319537.6275277,140.149,0.1,200.881216
1764319539.7025676,140.153,0.1,200.881216
1764319541.7770622,140.157,0.1,200.881216
1764319543.8517423,140.165,0.1,200.881216
1764319546.006843,140.162,0.1,200.887916
1764319548.0819316,140.162,0.1,200.887916
1764319550.1559703,140.161,0.1,200.887916
1764319552.2307997,140.123,0.1,200.887916
1764319554.3042939,140.14,0.1,200.887916
1764319556.460546,140.131,0.1,200.884216
1764319558.5393403,140.134,0.1,200.884216
1764319560.6137764,140.134,0.1,200.884216
1764319562.688077,140.124,0.1,200.884216
1764319564.7635949,140.117,0.1,200.884216
1764319566.922538,140.12,0.1,200.883216
1764319568.9972847,140.124,0.1,200.883216
1764319571.0966103,140.073,0.1,200.883216
1764319573.1711938,140.066,0.1,200.883216
1764319575.2457383,140.089,0.1,200.883216
1764319577.4092433,140.089,0.1,200.880216
1764319579.4847524,140.084,0.1,200.880216
1764319581.559496,140.08,0.1,200.880216
1764319583.633577,140.051,0.1,200.880216
1764319585.7097104,140.06,0.1,200.880216
1764319587.8674796,140.077,0.1,200.878016
1764319589.941699,140.098,0.1,200.878016
1764319592.0261075,140.07,0.1,200.878016
1764319594.100061,140.05,0.1,200.878016
1764319596.1746325,140.045,0.1,200.878016
1764319598.337979,140.042,0.1,200.875916
1764319600.413387,140.045,0.1,200.875916
1764319602.488317,140.045,0.1,200.875916
1764319604.570467,140.043,0.1,200.875916
1764319606.6463199,140.056,0.1,200.875916
1764319608.802439,140.088,0.1,200.877616
1764319610.8789902,140.081,0.1,200.877616
1764319612.9525907,140.039,0.1,200.877616
1764319615.0343528,140.075,0.1,200.877616
1764319617.1096025,140.072,0.1,200.877616
1764319619.2665083,140.08,0.1,200.879216
1764319621.34362,140.065,0.1,200.879216
1764319623.417796,140.065,0.1,200.879216
1764319625.4913259,140.074,0.1,200.879216
1764319627.5683665,140.078,0.1,200.879216
1764319629.7303638,140.084,0.1,200.879316
1764319631.80698,140.092,0.1,200.879316
1764319633.8864703,140.079,0.1,200.879316
1764319635.9658551,140.1,0.1,200.879316
1764319638.0526915,140.13,0.1,200.879316
1764319640.2155468,140.105,0.1,200.882216
1764319642.2886815,140.105,0.1,200.882216
1764319644.363354,140.068,0.1,200.882216
1764319646.4364552,140.07,0.1,200.882216
1764319648.5129156,140.084,0.1,200.882216
1764319650.6707234,140.084,0.1,200.879116
1764319652.745141,140.084,0.1,200.879116
1764319654.8179588,140.082,0.1,200.879116
1764319656.89216,140.077,0.1,200.879116
1764319658.9668097,140.077,0.1,200.879116
1764319661.1249478,140.069,0.1,200.879116
1764319663.2098238,140.069,0.1,200.879116
1764319665.2845197,140.071,0.1,200.879116
1764319667.3632724,140.07,0.1,200.879116
1764319669.4376376,140.07,0.1,200.879116
1764319671.6006277,140.07,0.1,200.878316
1764319673.6742144,140.07,0.1,200.878316
1764319675.749501,140.053,0.1,200.878316
1764319677.8239105,140.067,0.1,200.878316
1764319679.898193,140.069,0.1,200.878316
1764319682.0694964,140.07,0.1,200.878316
1764319684.1494613,140.151,0.1,200.878316
1764319686.224326,140.158,0.1,200.878316
1764319688.305672,140.161,0.1,200.878316
1764319690.3828905,140.103,0.1,200.878316
1764319692.5387099,140.116,0.1,200.883116
1764319694.6137094,140.133,0.1,200.883116
1764319696.687878,140.117,0.1,200.883116
1764319698.7625446,140.115,0.1,200.883116
1764319700.8365755,140.12,0.1,200.883116
1764319702.9957411,140.12,0.1,200.883216
1764319705.0708406,140.101,0.1,200.883216
1764319707.1445408,140.101,0.1,200.883216
1764319709.219586,140.08,0.1,200.883216
1764319711.293666,140.08,0.1,200.883216
1764319713.4498947,140.1,0.1,200.879116
1764319715.5233276,140.1,0.1,200.879116
1764319717.5979228,140.1,0.1,200.879116
1764319719.6724741,140.067,0.1,200.879116
1764319721.747818,140.067,0.1,200.879116
1764319723.9108708,140.067,0.1,200.878016
1764319725.9857337,140.067,0.1,200.878016
1764319728.0609546,140.063,0.1,200.878016
1764319730.136017,140.065,0.1,200.878016
1764319732.210617,140.056,0.1,200.878016
1764319734.3669257,140.039,0.1,200.877116
1764319736.4414978,140.072,0.1,200.877116
1764319738.5175624,140.081,0.1,200.877116
1764319740.5907326,140.089,0.1,200.877116
1764319742.6644087,140.08,0.1,200.877116
1764319744.8300083,140.084,0.1,200.880116
1764319746.9048297,140.081,0.1,200.880116
1764319748.9797792,140.065,0.1,200.880116
1764319751.0537858,140.058,0.1,200.880116
1764319753.1292632,140.044,0.1,200.880116
1764319755.2897923,140.049,0.1,200.876016
1764319757.3645003,140.052,0.1,200.876016
1764319759.4395926,140.058,0.1,200.876016
1764319761.5138583,140.065,0.1,200.876016
1764319763.5923233,140.058,0.1,200.876016
1764319765.7504878,140.073,0.1,200.877316
1764319767.838195,140.06,0.1,200.877316
1764319769.9121184,140.071,0.1,200.877316
1764319771.9871557,140.063,0.1,200.877316
1764319774.061843,140.063,0.1,200.877316
1764319776.2199726,140.062,0.1,200.877216
1764319778.2945952,140.059,0.1,200.877216
1764319780.369508,140.059,0.1,200.877216
1764319782.4442701,140.062,0.1,200.877216
1764319784.5216148,140.069,0.1,200.877216
1764319786.672189,140.068,0.1,200.877316
1764319788.745954,140.063,0.1,200.877316
1764319790.8205721,140.069,0.1,200.877316
1764319792.8955705,140.076,0.1,200.877316
1764319794.9703553,140.085,0.1,200.877316
1764319797.1312683,140.086,0.1,200.879216
1764319799.205346,140.086,0.1,200.879216
1764319801.280973,140.104,0.1,200.879216
1764319803.3547993,140.107,0.1,200.879216
1764319805.427792,140.121,0.1,200.879216
1764319807.6010375,140.121,0.1,200.882216
1764319809.675447,140.124,0.1,200.882216
1764319811.7486355,140.084,0.1,200.882216
1764319813.8229105,140.107,0.1,200.882216
1764319815.8975997,140.109,0.1,200.882216
1764319818.0568385,140.088,0.1,200.882016
1764319820.1328895,140.095,0.1,200.882016
1764319822.208367,140.131,0.1,200.882016
1764319824.2831056,140.131,0.1,200.882016
1764319826.3578124,140.13,0.1,200.882016
1764319828.5176637,140.135,0.1,200.884116
1764319830.5921712,140.134,0.1,200.884116
1764319832.6758568,140.175,0.1,200.884116
1764319834.750557,140.194,0.1,200.884116
1764319836.825526,140.191,0.1,200.884116
1764319838.9853144,140.281,0.1,200.890216
1764319841.0600054,140.264,0.1,200.890216
1764319843.133421,140.236,0.1,200.890216
1764319845.2079978,140.196,0.1,200.890216
1764319847.2851162,140.215,0.1,200.890216
1764319849.4594975,140.293,0.1,200.893116
1764319851.5347345,140.285,0.1,200.893116
1764319853.6099968,140.307,0.1,200.893116
1764319855.6871285,140.342,0.1,200.893116
1764319857.7621448,140.344,0.1,200.893116
1764319859.9221313,140.456,0.1,200.908316
1764319865.3992965,140.613,0.1,200.933816
1764319870.6495147,140.6,0.0,200.930516
1764319872.82773,140.868,0.0,200.930516
1764319874.9032853,140.808,0.0,200.930516
1764319876.9774873,140.879,0.0,200.930516
1764319879.0522947,140.848,0.0,200.930516
1764319881.1268268,141.034,0.0,200.930516
1764319883.2803335,141.014,0.0,200.930516
1764319885.3566904,141.15,0.0,200.930516
1764319890.8125603,141.333,0.0,200.930516
1764319892.888552,141.506,0.0,200.930516
1764319895.047595,141.41,0.0,200.912416
1764319897.1227596,141.359,0.0,200.912416
1764319899.197159,141.354,0.0,200.912416
1764319901.273877,141.292,0.0,200.912416
1764319903.3484154,141.151,0.0,200.912416
1764319905.5001523,141.195,0.0,200.889916
1764319907.5742297,141.25,0.0,200.889916
1764319909.6497042,141.216,0.0,200.889916
1764319911.7247086,141.245,0.0,200.889916
1764319913.7995465,141.179,0.0,200.889916
1764319915.9547715,141.119,0.0,200.89141600000002
1764319918.0295246,141.084,0.0,200.89141600000002
1764319920.1076689,141.146,0.0,200.89141600000002
1764319922.1821656,141.311,0.0,200.89141600000002
1764319927.6628604,141.495,0.1,200.905616
1764319929.8232112,141.512,0.1,200.91291600000002
1764319931.898444,141.398,0.1,200.91291600000002
1764319933.9736626,141.415,0.1,200.91291600000002
1764319936.0487177,141.429,0.1,200.91291600000002
1764319938.1225507,141.317,0.1,200.91291600000002
1764319940.2790205,141.346,0.1,200.881616
1764319942.3541892,141.389,0.1,200.881616
1764319944.4270341,141.369,0.1,200.881616
1764319946.5007463,141.367,0.1,200.881616
1764319948.5750237,141.388,0.1,200.881616
1764319950.740182,141.385,0.1,200.892016
1764319952.814695,141.241,0.1,200.892016
1764319958.2679257,141.359,0.1,200.866916
1764319960.3428378,141.344,0.1,200.866916
1764319962.5205529,141.373,0.1,200.874716
1764319964.5954232,141.363,0.1,200.874716
1764319966.6719925,141.442,0.1,200.874716
1764319968.746815,141.443,0.1,200.874716
1764319970.823767,141.437,0.1,200.874716
1764319972.9814887,141.383,0.1,200.88341599999998
1764319975.0558658,141.332,0.1,200.88341599999998
1764319977.1299932,141.335,0.1,200.88341599999998
1764319979.2073863,141.329,0.1,200.88341599999998
1764319981.2818978,141.382,0.1,200.88341599999998
1764319983.4368477,141.42,0.1,200.875916
1764319985.5119598,141.422,0.1,200.875916
1764319987.5859468,141.413,0.1,200.875916
1764319989.6606276,141.354,0.1,200.875916
1764319991.7438197,141.339,0.1,200.875916
1764319993.9104068,141.314,0.1,200.874416
1764319995.9848957,141.263,0.1,200.874416
1764320001.4435546,141.255,0.0,200.868016
1764320003.517345,141.225,0.0,200.868016
1764320005.6729097,141.237,0.0,200.868016
1764320007.7474725,141.259,0.0,200.868016
1764320009.8205028,141.2,0.0,200.868016
1764320011.895713,141.224,0.0,200.868016
1764320013.9706316,141.213,0.0,200.868016
1764320016.1296387,141.201,0.0,200.868016
1764320018.2044368,141.199,0.0,200.868016
1764320020.2782214,141.188,0.0,200.868016
1764320022.3525136,141.165,0.0,200.868016
1764320024.4270182,141.173,0.0,200.868016
1764320029.9917033,141.129,0.1,200.86641600000002
1764320032.0659704,141.119,0.1,200.86641600000002
1764320034.1410823,141.116,0.1,200.86641600000002
1764320036.2152905,141.126,0.1,200.86641600000002
1764320038.368305,141.135,0.1,200.862816
1764320040.4435732,141.144,0.1,200.862816
1764320042.5190575,141.192,0.1,200.862816
1764320044.5936737,141.18,0.1,200.862816
1764320046.6692488,141.109,0.1,200.862816
1764320048.823834,141.094,0.1,200.862016
1764320050.8989098,141.098,0.1,200.862016
1764320052.9743223,141.065,0.1,200.862016
1764320055.0480332,141.08,0.1,200.862016
1764320057.1549084,141.08,0.1,200.862016
1764320059.3130677,141.096,0.1,200.859316
1764320061.3876224,141.073,0.1,200.859316
1764320063.4626465,141.054,0.1,200.859316
1764320065.5364127,141.153,0.1,200.859316
1764320067.6105804,141.222,0.1,200.859316
1764320069.7748184,141.251,0.1,200.869516
1764320071.8485615,141.247,0.1,200.869516
1764320073.921921,141.261,0.1,200.869516
1764320075.9962292,141.204,0.1,200.869516
1764320078.0707614,141.23,0.1,200.869516
1764320080.2284126,141.196,0.1,200.87261600000002
1764320082.3032465,141.241,0.1,200.87261600000002
1764320084.3771563,141.218,0.1,200.87261600000002
1764320086.4524198,141.237,0.1,200.87261600000002
1764320088.5260565,141.195,0.1,200.87261600000002
1764320090.6863449,141.172,0.1,200.87251600000002
1764320092.7611475,141.153,0.1,200.87251600000002
1764320094.8368351,141.136,0.1,200.87251600000002
1764320096.9110327,141.161,0.1,200.87251600000002
1764320098.9854555,141.167,0.1,200.87251600000002
1764320101.1395621,141.182,0.1,200.866816
1764320103.2173154,141.207,0.1,200.866816
1764320105.2920082,141.181,0.1,200.866816
1764320107.367015,141.187,0.1,200.866816
1764320109.4421935,141.185,0.1,200.866816
1764320111.5990696,141.181,0.1,200.868516
1764320113.6729991,141.181,0.1,200.868516
1764320115.7475863,141.218,0.1,200.868516
1764320117.8222592,141.25,0.1,200.868516
1764320119.8949916,141.259,0.1,200.868516
1764320122.051325,141.216,0.1,200.875616
1764320124.1259027,141.186,0.1,200.875616
1764320126.2013836,141.161,0.1,200.875616
1764320128.2766402,141.091,0.1,200.875616
1764320130.3515286,141.07,0.1,200.875616
1764320132.5114262,141.08,0.1,200.858516
1764320134.5860965,141.068,0.1,200.858516
1764320136.661242,141.086,0.1,200.858516
1764320138.7389262,141.082,0.1,200.858516
1764320140.814058,141.051,0.1,200.858516
1764320142.9688082,141.051,0.1,200.85711600000002
1764320145.0414753,140.988,0.1,200.85711600000002
1764320147.117584,141.03,0.1,200.85711600000002
1764320149.1945474,141.022,0.1,200.85711600000002
1764320151.2709837,141.022,0.1,200.85711600000002
1764320153.4284298,141.027,0.1,200.85361600000002
1764320155.5029578,141.02,0.1,200.85361600000002
1764320157.578874,141.005,0.1,200.85361600000002
1764320159.6544302,140.998,0.1,200.85361600000002
1764320161.7292497,140.97,0.1,200.85361600000002
1764320163.8881154,140.947,0.1,200.84941600000002
1764320165.9629667,140.917,0.1,200.84941600000002
1764320168.0363717,140.875,0.1,200.84941600000002
1764320173.5011883,140.829,0.0,200.835216
1764320175.6630611,140.908,0.0,200.835216
1764320177.7379334,140.906,0.0,200.835216
1764320179.8124053,140.912,0.0,200.835216
1764320181.8855014,140.891,0.0,200.835216
1764320183.9603922,140.891,0.0,200.835216
1764320186.1171463,140.857,0.0,200.835216
1764320188.191889,140.858,0.0,200.835216
1764320190.2669258,140.863,0.0,200.835216
1764320192.340703,140.899,0.0,200.835216
1764320194.4155777,140.88,0.0,200.835216
1764320199.963321,140.898,0.1,200.835216
1764320202.0379813,140.892,0.1,200.835216
1764320204.1123917,140.903,0.1,200.835216
1764320206.1886604,140.902,0.1,200.835216
1764320208.3445663,140.915,0.1,200.836416
1764320210.42027,140.888,0.1,200.836416
1764320212.4954085,140.872,0.1,200.836416
1764320214.5698667,140.883,0.1,200.836416
1764320216.6458924,140.897,0.1,200.836416
1764320218.8014927,140.9,0.1,200.834416
1764320220.8784034,140.906,0.1,200.834416
1764320222.953051,140.876,0.1,200.834416
1764320225.0274322,140.917,0.1,200.834416
1764320227.102518,140.9,0.1,200.834416
1764320229.4811668,140.905,0.1,200.836416
1764320231.5601091,140.933,0.1,200.836416
1764320233.6378143,140.911,0.1,200.836416
1764320235.7152362,140.917,0.1,200.836416
1764320237.7928925,140.92,0.1,200.836416
1764320239.954633,140.928,0.1,200.838316
1764320242.0307019,140.929,0.1,200.838316
1764320244.1081905,140.928,0.1,200.838316
1764320246.1837306,140.929,0.1,200.838316
1764320248.2630327,140.956,0.1,200.838316
1764320250.4221828,140.98,0.1,200.841416
1764320252.500999,140.97,0.1,200.841416
1764320254.5779865,140.97,0.1,200.841416
1764320256.655466,140.992,0.1,200.841416
1764320258.732934,141.018,0.1,200.841416
1764320260.8982768,140.981,0.1,200.845416
1764320262.9765334,140.972,0.1,200.845416
1764320265.0546403,140.989,0.1,200.845416
1764320267.132372,140.989,0.1,200.845416
1764320269.208512,140.976,0.1,200.845416
1764320271.3698118,140.953,0.1,200.845316
1764320273.44738,140.934,0.1,200.845316
1764320275.5245607,140.996,0.1,200.845316
1764320277.6023755,140.966,0.1,200.845316
1764320279.6799011,140.997,0.1,200.845316
1764320281.8391137,141.033,0.1,200.845716
1764320283.9164424,141.051,0.1,200.845716
1764320285.9931216,141.102,0.1,200.845716
1764320288.0702646,141.101,0.1,200.845716
1764320290.1486714,141.158,0.1,200.845716
1764320292.3105078,141.132,0.1,200.857716
1764320294.389608,141.131,0.1,200.857716
1764320296.466946,141.135,0.1,200.857716
1764320298.5441318,141.127,0.1,200.857716
1764320300.62193,141.114,0.1,200.857716
1764320302.7809029,141.134,0.1,200.857916
1764320304.862272,141.149,0.1,200.857916
1764320306.9376678,141.156,0.1,200.857916
1764320309.0155797,141.136,0.1,200.857916
1764320311.092272,141.139,0.1,200.857916
1764320313.2485535,141.129,0.1,200.86041600000001
1764320315.3256233,141.192,0.1,200.86041600000001
1764320320.792732,141.164,0.0,200.866416
1764320322.8697937,141.166,0.0,200.866416
1764320325.0268383,141.189,0.0,200.866416
1764320327.104594,141.154,0.0,200.866416
1764320329.1816967,141.194,0.0,200.866416
1764320331.2573516,141.192,0.0,200.866416
1764320336.709339,141.218,0.1,200.86551599999999
1764320338.8735192,141.218,0.1,200.86451599999998
1764320340.948549,141.232,0.1,200.86451599999998
1764320343.026051,141.228,0.1,200.86451599999998
1764320345.1029298,141.172,0.1,200.86451599999998
1764320347.180675,141.171,0.1,200.86451599999998
1764320349.3432477,141.177,0.1,200.860416
1764320351.420864,141.177,0.1,200.860416
1764320353.4979196,141.152,0.1,200.860416
1764320355.576947,141.135,0.1,200.860416
1764320357.6535206,141.117,0.1,200.860416
1764320359.8137136,141.117,0.1,200.85591599999998
1764320361.8911057,141.119,0.1,200.85591599999998
1764320363.968259,141.123,0.1,200.85591599999998
1764320366.0456133,141.128,0.1,200.85591599999998
1764320368.1222227,141.179,0.1,200.85591599999998
1764320370.282121,141.235,0.1,200.85831599999997
1764320372.3594034,141.236,0.1,200.85831599999997
1764320374.43613,141.237,0.1,200.85831599999997
1764320376.513535,141.221,0.1,200.85831599999997
1764320378.5910954,141.215,0.1,200.85831599999997
1764320380.7485995,141.212,0.1,200.86451599999998
1764320382.8259537,141.2,0.1,200.86451599999998
1764320384.9036572,141.238,0.1,200.86451599999998
1764320386.983076,141.23,0.1,200.86451599999998
1764320389.0605834,141.248,0.1,200.86451599999998
1764320391.2222195,141.242,0.1,200.867616
1764320393.29905,141.231,0.1,200.867616
1764320395.3745182,141.206,0.1,200.867616
1764320397.4516294,141.266,0.1,200.867616
1764320399.5289185,141.352,0.1,200.867616
1764320401.7259603,141.408,0.1,200.878616
1764320403.8041513,141.47,0.1,200.878616
1764320405.8806982,141.413,0.1,200.878616
1764320407.9574475,141.451,0.1,200.878616
1764320410.0349631,141.471,0.1,200.878616
1764320412.2091799,141.469,0.1,200.890414
1764320414.29114,141.469,0.1,200.890414
1764320416.3687398,141.429,0.1,200.890414
1764320418.4458966,141.421,0.1,200.890414
1764320420.5228026,141.407,0.1,200.890414
1764320422.6875296,141.276,0.1,200.882714
1764320424.7644703,141.3,0.1,200.882714
1764320426.8407192,141.263,0.1,200.882714
1764320428.9173555,141.255,0.1,200.882714
1764320430.9925575,141.521,0.1,200.882714
1764320436.5350864,141.44,0.0,200.888614
1764320441.8009229,141.372,0.1,200.888814
1764320443.9589152,141.362,0.1,200.88581399999998
1764320446.0362043,141.361,0.1,200.88581399999998
1764320448.1182408,141.303,0.1,200.88581399999998
1764320450.1984208,141.236,0.1,200.88581399999998
1764320452.274954,141.218,0.1,200.88581399999998
1764320454.4361281,141.2,0.1,200.871614
1764320456.5132122,141.217,0.1,200.871614
1764320458.5905108,141.155,0.1,200.871614
1764320460.6710172,141.146,0.1,200.871614
1764320462.747653,141.161,0.1,200.871614
1764320464.9098258,141.081,0.1,200.862814
1764320470.374358,141.085,0.0,200.858014
1764320472.4498768,141.086,0.0,200.858014
1764320477.7019725,141.088,0.1,200.85761399999998
1764320479.8603566,141.086,0.1,200.85851399999999
1764320481.941297,141.021,0.1,200.85851399999999
1764320484.0181081,141.075,0.1,200.85851399999999
1764320486.0945044,141.059,0.1,200.85851399999999
1764320488.1714358,141.061,0.1,200.85851399999999
1764320490.331573,141.06,0.1,200.855714
1764320492.4082868,141.058,0.1,200.855714
1764320494.4859495,141.071,0.1,200.855714
1764320496.5636091,141.062,0.1,200.855714
1764320498.640433,141.064,0.1,200.855714
1764320500.8063653,141.05,0.1,200.856314
1764320502.8828194,141.06,0.1,200.856314
1764320504.9601636,141.053,0.1,200.856314
1764320507.0358746,141.046,0.1,200.856314
1764320509.1138315,141.049,0.1,200.856314
1764320511.2752364,141.046,0.1,200.855714
1764320513.3540065,141.041,0.1,200.855714
1764320515.4317133,141.063,0.1,200.855714
1764320517.5081418,141.049,0.1,200.855714
1764320519.5856159,141.023,0.1,200.855714
1764320521.7497578,141.003,0.1,200.851114
1764320523.8284686,141.004,0.1,200.851114
