timestamp,datetime_utc,datetime_bj,action,price,size,position_before,position_after,equity,pnl,reason,ema_fast,ema_slow,gap_bps,signal
1765536648.8672626,2025-12-12 10:50:48,2025-12-12 18:50:48,Open,138.435,1.0,0,1.0,195.33989,0.0,SignalExec,138.150,137.986,11.8,1
1765536772.2069018,2025-12-12 10:52:52,2025-12-12 18:52:52,PnlRecord,138.328,0,0,0,195.28188999999998,-0.5635593832637527,多,138.227,138.007,15.9,0
1765536773.1174502,2025-12-12 10:52:53,2025-12-12 18:52:53,CloseSignal,138.328,1.0,1.0,0,195.28188999999998,0.0,TrendEnd,138.227,138.007,15.9,0
1765536899.491284,2025-12-12 10:54:59,2025-12-12 18:54:59,Open,138.294,1.0,0,1.0,195.30289000000002,0.0,SignalExec,138.283,138.029,18.4,1
1765537021.9724534,2025-12-12 10:57:01,2025-12-12 18:57:01,PnlRecord,138.362,0,0,0,195.36289000000002,0.44106694817829994,多,138.325,138.051,19.8,0
1765537022.5514584,2025-12-12 10:57:02,2025-12-12 18:57:02,CloseSignal,138.362,1.0,1.0,0,195.36289000000002,0.0,TrendEnd,138.325,138.051,19.8,0
1765537148.4721885,2025-12-12 10:59:08,2025-12-12 18:59:08,Open,138.384,1.0,0,1.0,195.33289,0.0,SignalExec,138.357,138.073,20.5,1
1765537275.609513,2025-12-12 11:01:15,2025-12-12 19:01:15,SL,138.202,1.0,1.0,0.0,195.167229,0.0,🛡️ 止损 (-1.32%),138.369,138.083,20.6,1
1765537275.6098316,2025-12-12 11:01:15,2025-12-12 19:01:15,PnlRecord,138.202,0,0,0,195.169229,-1.3151809457739911,多,138.369,138.083,20.6,1
1765537343.477202,2025-12-12 11:02:23,2025-12-12 19:02:23,Open,138.407,1.0,0,1.0,195.145229,0.0,SignalExec,138.346,138.098,17.9,1
1765537467.6080403,2025-12-12 11:04:27,2025-12-12 19:04:27,PnlRecord,138.38,0,0,0,195.108229,-0.22397063817186433,多,138.381,138.119,18.9,0
1765537468.0852287,2025-12-12 11:04:28,2025-12-12 19:04:28,CloseSignal,138.38,1.0,1.0,0,195.108229,0.0,TrendEnd,138.381,138.119,18.9,0
1765537596.2859628,2025-12-12 11:06:36,2025-12-12 19:06:36,Open,138.315,1.0,0,1.0,195.092229,0.0,SignalExec,138.360,138.133,16.4,1
1765537723.0736945,2025-12-12 11:08:43,2025-12-12 19:08:43,SL,138.086,1.0,1.0,0.0,194.886229,0.0,🛡️ 止损 (-1.68%),138.325,138.137,13.6,1
1765537723.0740316,2025-12-12 11:08:43,2025-12-12 19:08:43,PnlRecord,138.086,0,0,0,194.866229,-1.6772943506991087,多,138.325,138.137,13.6,1
1765538828.2726154,2025-12-12 11:27:08,2025-12-12 19:27:08,Open,138.438,1.0,0,1.0,194.87222899999998,0.0,SignalExec,138.298,138.144,11.1,1
1765538950.92982,2025-12-12 11:29:10,2025-12-12 19:29:10,PnlRecord,138.483,0,0,0,194.822229,0.23112870257355084,多,138.383,138.165,15.8,0
1765538951.557076,2025-12-12 11:29:11,2025-12-12 19:29:11,CloseSignal,138.483,1.0,1.0,0,194.822229,0.0,TrendEnd,138.383,138.165,15.8,0
1765539077.612034,2025-12-12 11:31:17,2025-12-12 19:31:17,Open,138.443,1.0,0,1.0,194.917229,0.0,SignalExec,138.424,138.184,17.3,1
1765539200.4222567,2025-12-12 11:33:20,2025-12-12 19:33:20,PnlRecord,138.418,0,0,0,194.91522899999998,-0.04334508466740035,多,138.418,138.199,15.8,0
1765539200.9554224,2025-12-12 11:33:20,2025-12-12 19:33:20,CloseSignal,138.418,1.0,1.0,0,194.91522899999998,0.0,TrendEnd,138.418,138.199,15.8,0
1765539327.9818764,2025-12-12 11:35:27,2025-12-12 19:35:27,Open,138.404,1.0,0,1.0,194.89722899999998,0.0,SignalExec,138.419,138.213,14.8,1
1765539450.450022,2025-12-12 11:37:30,2025-12-12 19:37:30,PnlRecord,138.318,0,0,0,194.82622899999998,-0.6285900075863523,多,138.393,138.224,12.2,0
1765539450.9453588,2025-12-12 11:37:30,2025-12-12 19:37:30,CloseSignal,138.318,1.0,1.0,0,194.82622899999998,0.0,TrendEnd,138.393,138.224,12.2,0
1765539579.360085,2025-12-12 11:39:39,2025-12-12 19:39:39,Open,138.379,1.0,0,1.0,194.830229,0.0,SignalExec,138.384,138.234,10.9,1
1765539702.2321165,2025-12-12 11:41:42,2025-12-12 19:41:42,PnlRecord,138.458,0,0,0,194.895229,0.5636652695476438,多,138.407,138.246,11.6,0
1765539702.7286901,2025-12-12 11:41:42,2025-12-12 19:41:42,CloseSignal,138.458,1.0,1.0,0,194.895229,0.0,TrendEnd,138.407,138.246,11.6,0
1765539829.0428424,2025-12-12 11:43:49,2025-12-12 19:43:49,Open,138.502,1.0,0,1.0,194.907229,0.0,SignalExec,138.448,138.262,13.5,1
1765539951.7042558,2025-12-12 11:45:51,2025-12-12 19:45:51,PnlRecord,138.398,0,0,0,194.811229,-0.7725352875347411,多,138.449,138.274,12.6,0
1765539952.194402,2025-12-12 11:45:52,2025-12-12 19:45:52,CloseSignal,138.398,1.0,1.0,0,194.811229,0.0,TrendEnd,138.449,138.274,12.6,0
1765540324.930234,2025-12-12 11:52:04,2025-12-12 19:52:04,Open,138.461,1.0,0,1.0,194.800229,0.0,SignalExec,138.440,138.301,10.0,1
1765540447.3090873,2025-12-12 11:54:07,2025-12-12 19:54:07,PnlRecord,138.553,0,0,0,194.924229,0.7584074887321576,多,138.482,138.315,12.0,0
1765540447.8206768,2025-12-12 11:54:07,2025-12-12 19:54:07,CloseSignal,138.553,1.0,1.0,0,194.924229,0.0,TrendEnd,138.482,138.315,12.0,0
1765540573.306431,2025-12-12 11:56:13,2025-12-12 19:56:13,Open,138.656,1.0,0,1.0,194.864229,0.0,SignalExec,138.570,138.338,16.8,1
1765540697.3589995,2025-12-12 11:58:17,2025-12-12 19:58:17,PnlRecord,138.637,0,0,0,194.86122899999998,-0.2235555427352086,多,138.607,138.358,18.0,0
1765540697.8769429,2025-12-12 11:58:17,2025-12-12 19:58:17,CloseSignal,138.637,1.0,1.0,0,194.86122899999998,0.0,TrendEnd,138.607,138.358,18.0,0
1765540823.9214547,2025-12-12 12:00:23,2025-12-12 20:00:23,Open,138.742,1.0,0,1.0,194.839869,0.0,SignalExec,138.654,138.379,19.8,1
1765540949.2369661,2025-12-12 12:02:29,2025-12-12 20:02:29,SL,138.502,1.0,1.0,0.0,194.611869,0.0,🛡️ 止损 (-1.64%),138.637,138.386,18.1,1
1765540949.237298,2025-12-12 12:02:29,2025-12-12 20:02:29,PnlRecord,138.502,0,0,0,194.626869,-1.6434801412814837,多,138.637,138.386,18.1,1
1765541018.0573022,2025-12-12 12:03:38,2025-12-12 20:03:38,Open,138.473,1.0,0,1.0,194.60186900000002,0.0,SignalExec,138.563,138.393,12.2,1
1765541141.4620347,2025-12-12 12:05:41,2025-12-12 20:05:41,PnlRecord,138.518,0,0,0,194.645869,0.31052536558950256,多,138.541,138.401,10.1,0
1765541141.9814777,2025-12-12 12:05:41,2025-12-12 20:05:41,CloseSignal,138.518,1.0,1.0,0,194.645869,0.0,TrendEnd,138.541,138.401,10.1,0
1765542732.9919732,2025-12-12 12:32:12,2025-12-12 20:32:12,Open,138.683,1.0,0,1.0,194.673869,0.0,SignalExec,138.621,138.477,10.4,1
1765542855.5549476,2025-12-12 12:34:15,2025-12-12 20:34:15,PnlRecord,138.848,0,0,0,194.849869,1.2691819545403265,多,138.730,138.500,16.6,0
1765542856.0717793,2025-12-12 12:34:16,2025-12-12 20:34:16,CloseSignal,138.848,1.0,1.0,0,194.849869,0.0,TrendEnd,138.730,138.500,16.6,0
1765542982.465648,2025-12-12 12:36:22,2025-12-12 20:36:22,Open,138.866,1.0,0,1.0,194.800869,0.0,SignalExec,138.813,138.526,20.6,1
1765543105.184697,2025-12-12 12:38:25,2025-12-12 20:38:25,PnlRecord,139.206,0,0,0,195.156869,2.592800656842727,多,138.939,138.560,27.3,0
1765543105.692539,2025-12-12 12:38:25,2025-12-12 20:38:25,CloseSignal,139.206,1.0,1.0,0,195.156869,0.0,TrendEnd,138.939,138.560,27.3,0
1765543232.6027164,2025-12-12 12:40:32,2025-12-12 20:40:32,Open,139.217,1.0,0,1.0,195.175869,0.0,SignalExec,139.066,138.601,33.4,1
1765543354.9307663,2025-12-12 12:42:34,2025-12-12 20:42:34,PnlRecord,139.193,0,0,0,195.14086899999998,-0.23702469366344678,多,139.122,138.638,34.8,0
1765543355.4494286,2025-12-12 12:42:35,2025-12-12 20:42:35,CloseSignal,139.193,1.0,1.0,0,195.14086899999998,0.0,TrendEnd,139.122,138.638,34.8,0
1765543481.2548127,2025-12-12 12:44:41,2025-12-12 20:44:41,Open,139.14,1.0,0,1.0,195.151869,0.0,SignalExec,139.142,138.672,33.8,1
1765543603.5808337,2025-12-12 12:46:43,2025-12-12 20:46:43,PnlRecord,139.088,0,0,0,195.09586900000002,-0.4599287110497367,多,139.120,138.700,30.2,0
1765543604.1089509,2025-12-12 12:46:44,2025-12-12 20:46:44,CloseSignal,139.088,1.0,1.0,0,195.09586900000002,0.0,TrendEnd,139.120,138.700,30.2,0
1765543730.2368116,2025-12-12 12:48:50,2025-12-12 20:48:50,Open,139.299,1.0,0,1.0,195.151869,0.0,SignalExec,139.203,138.738,33.4,1
1765543856.5737147,2025-12-12 12:50:56,2025-12-12 20:50:56,PnlRecord,139.811,0,0,0,195.578869,3.517057729990519,多,139.415,138.794,44.4,0
1765543857.0912945,2025-12-12 12:50:57,2025-12-12 20:50:57,CloseSignal,139.811,1.0,1.0,0,195.578869,0.0,TrendEnd,139.415,138.794,44.4,0
1765543985.2379618,2025-12-12 12:53:05,2025-12-12 20:53:05,Open,139.669,1.0,0,1.0,195.60586899999998,0.0,SignalExec,139.528,138.848,48.7,1
1765544108.5409849,2025-12-12 12:55:08,2025-12-12 20:55:08,PnlRecord,139.735,0,0,0,195.68886899999998,0.4152437409166945,多,139.596,138.900,49.8,0
1765544109.061936,2025-12-12 12:55:09,2025-12-12 20:55:09,CloseSignal,139.735,1.0,1.0,0,195.68886899999998,0.0,TrendEnd,139.596,138.900,49.8,0
1765544236.5838223,2025-12-12 12:57:16,2025-12-12 20:57:16,Open,139.625,1.0,0,1.0,195.660869,0.0,SignalExec,139.613,138.947,47.6,1
1765544360.5286942,2025-12-12 12:59:20,2025-12-12 20:59:20,PnlRecord,139.709,0,0,0,195.774869,0.673280091680651,多,139.662,138.997,47.6,0
1765544361.1143181,2025-12-12 12:59:21,2025-12-12 20:59:21,CloseSignal,139.709,1.0,1.0,0,195.774869,0.0,TrendEnd,139.662,138.997,47.6,0
1765544487.3978791,2025-12-12 13:01:27,2025-12-12 21:01:27,Open,139.471,1.0,0,1.0,195.748231,0.0,SignalExec,139.595,139.031,40.4,1
1765544615.2224083,2025-12-12 13:03:35,2025-12-12 21:03:35,SL,139.275,1.0,1.0,0.0,195.593231,0.0,🛡️ 止损 (-1.41%),139.572,139.047,37.6,1
1765544615.2227027,2025-12-12 13:03:35,2025-12-12 21:03:35,PnlRecord,139.275,0,0,0,195.580231,-1.4053100644578296,多,139.572,139.047,37.6,1
1765544682.5238006,2025-12-12 13:04:42,2025-12-12 21:04:42,Open,139.291,1.0,0,1.0,195.599231,0.0,SignalExec,139.431,139.063,26.5,1
1765544807.026833,2025-12-12 13:06:47,2025-12-12 21:06:47,PnlRecord,139.394,0,0,0,195.720231,0.7394591179617394,多,139.394,139.081,22.5,0
1765544807.580406,2025-12-12 13:06:47,2025-12-12 21:06:47,CloseSignal,139.394,1.0,1.0,0,195.720231,0.0,TrendEnd,139.394,139.081,22.5,0
1765544933.42816,2025-12-12 13:08:53,2025-12-12 21:08:53,Open,139.402,1.0,0,1.0,195.693375,0.0,SignalExec,139.398,139.102,21.2,1
1765545058.9720027,2025-12-12 13:10:58,2025-12-12 21:10:58,SL,139.252,1.0,1.0,0.0,195.542375,0.0,🛡️ 止损 (-1.13%),139.380,139.109,19.4,1
1765545058.9722943,2025-12-12 13:10:58,2025-12-12 21:10:58,PnlRecord,139.252,0,0,0,195.54237500000002,-1.1333476795063988,多,139.380,139.109,19.4,1
1765545125.7513244,2025-12-12 13:12:05,2025-12-12 21:12:05,Open,139.385,1.0,0,1.0,195.533375,0.0,SignalExec,139.355,139.123,16.7,1
1765545250.2345123,2025-12-12 13:14:10,2025-12-12 21:14:10,PnlRecord,139.433,0,0,0,195.586375,0.22237844507256652,多,139.400,139.144,18.4,0
1765545250.7387078,2025-12-12 13:14:10,2025-12-12 21:14:10,CloseSignal,139.433,1.0,1.0,0,195.586375,0.0,TrendEnd,139.400,139.144,18.4,0
1765545376.8492885,2025-12-12 13:16:16,2025-12-12 21:16:16,Open,139.242,1.0,0,1.0,195.55437500000002,0.0,SignalExec,139.357,139.156,14.5,1
1765545438.3864427,2025-12-12 13:17:18,2025-12-12 21:17:18,PnlRecord,139.101,0,0,0,195.451375,-0.933700109889288,多,139.284,139.154,9.4,0
1765545438.8821898,2025-12-12 13:17:18,2025-12-12 21:17:18,CloseSignal,139.101,1.0,1.0,0,195.451375,0.0,TrendEnd,139.284,139.154,9.4,0
1765545564.7140322,2025-12-12 13:19:24,2025-12-12 21:19:24,Open,139.328,1.0,0,1.0,195.443375,0.0,SignalExec,139.306,139.165,10.1,1
1765545687.912901,2025-12-12 13:21:27,2025-12-12 21:21:27,PnlRecord,139.509,0,0,0,195.594375,1.2200460746810835,多,139.381,139.183,14.1,0
1765545688.4008274,2025-12-12 13:21:28,2025-12-12 21:21:28,CloseSignal,139.509,1.0,1.0,0,195.594375,0.0,TrendEnd,139.381,139.183,14.1,0
1765545816.3909023,2025-12-12 13:23:36,2025-12-12 21:23:36,Open,139.433,1.0,0,1.0,195.604187,0.0,SignalExec,139.413,139.201,15.2,1
1765545940.7684934,2025-12-12 13:25:40,2025-12-12 21:25:40,PnlRecord,139.362,0,0,0,195.602187,-0.5378773209407621,多,139.392,139.212,12.9,0
1765545941.2664983,2025-12-12 13:25:41,2025-12-12 21:25:41,CloseSignal,139.362,1.0,1.0,0,195.602187,0.0,TrendEnd,139.392,139.212,12.9,0
1765547544.3646097,2025-12-12 13:52:24,2025-12-12 21:52:24,Open,138.782,1.0,0,-1.0,195.546187,0.0,SignalExec,138.993,139.207,15.4,-1
1765547668.2922165,2025-12-12 13:54:28,2025-12-12 21:54:28,PnlRecord,138.868,0,0,0,195.510187,-0.5980473394098672,空,138.920,139.184,19.0,0
1765547668.831038,2025-12-12 13:54:28,2025-12-12 21:54:28,CloseSignal,138.868,1.0,-1.0,0,195.510187,0.0,TrendEnd,138.920,139.184,19.0,0
1765548585.8085709,2025-12-12 14:09:45,2025-12-12 22:09:45,Open,138.796,1.0,0,-1.0,195.482187,0.0,SignalExec,138.897,139.082,13.3,-1
1765548708.5980322,2025-12-12 14:11:48,2025-12-12 22:11:48,PnlRecord,138.71,0,0,0,195.546187,0.49719337940169916,空,138.819,139.060,17.4,0
1765548709.0959415,2025-12-12 14:11:49,2025-12-12 22:11:49,CloseSignal,138.71,1.0,-1.0,0,195.546187,0.0,TrendEnd,138.819,139.060,17.4,0
1765548834.5763996,2025-12-12 14:13:54,2025-12-12 22:13:54,Open,138.628,1.0,0,-1.0,195.526587,0.0,SignalExec,138.743,139.035,21.1,-1
1765548899.589028,2025-12-12 14:14:59,2025-12-12 22:14:59,SL,138.778,1.0,-1.0,0.0,195.410587,0.0,🛡️ 止损 (-1.02%),138.743,139.035,21.1,-1
1765548899.589344,2025-12-12 14:14:59,2025-12-12 22:14:59,PnlRecord,138.778,0,0,0,195.403587,-1.0242649816786111,空,138.743,139.035,21.1,-1
1765548905.2457244,2025-12-12 14:15:05,2025-12-12 22:15:05,Open,138.778,1.0,0,-1.0,195.401587,0.0,SignalExec,138.753,139.027,19.7,-1
1765549027.3791745,2025-12-12 14:17:07,2025-12-12 22:17:07,PnlRecord,138.847,0,0,0,195.327587,-0.7063113968389911,空,138.775,139.011,17.0,0
1765549027.894043,2025-12-12 14:17:07,2025-12-12 22:17:07,CloseSignal,138.847,1.0,-1.0,0,195.327587,0.0,TrendEnd,138.775,139.011,17.0,0
1765549703.5115805,2025-12-12 14:28:23,2025-12-12 22:28:23,Open,138.78,1.0,0,-1.0,195.277025,0.0,SignalExec,138.857,139.000,10.3,-1
1765549826.88573,2025-12-12 14:30:26,2025-12-12 22:30:26,PnlRecord,138.911,0,0,0,195.286025,-0.8718207363643586,空,138.852,138.989,9.9,0
1765549827.3942215,2025-12-12 14:30:27,2025-12-12 22:30:27,CloseSignal,138.911,1.0,-1.0,0,195.286025,0.0,TrendEnd,138.852,138.989,9.9,0
1765550259.6244705,2025-12-12 14:37:39,2025-12-12 22:37:39,Open,139.4,1.0,0,1.0,195.155025,0.0,SignalExec,139.183,139.025,11.3,1
1765550385.426579,2025-12-12 14:39:45,2025-12-12 22:39:45,SL,139.277,1.0,1.0,0.0,194.935049,0.0,🛡️ 止损 (-1.23%),139.256,139.039,15.5,1
1765550385.4268963,2025-12-12 14:39:45,2025-12-12 22:39:45,PnlRecord,139.277,0,0,0,194.977025,-1.226263553439423,多,139.256,139.039,15.5,1
1765550452.5143626,2025-12-12 14:40:52,2025-12-12 22:40:52,Open,139.06,1.0,0,1.0,194.91504899999998,0.0,SignalExec,139.204,139.047,11.3,1
1765550513.983108,2025-12-12 14:41:53,2025-12-12 22:41:53,PnlRecord,139.084,0,0,0,194.996049,0.1941649827050435,多,139.170,139.048,8.7,0
1765550514.4821572,2025-12-12 14:41:54,2025-12-12 22:41:54,CloseSignal,139.084,1.0,1.0,0,194.996049,0.0,TrendEnd,139.170,139.048,8.7,0
1765550951.8244317,2025-12-12 14:49:11,2025-12-12 22:49:11,Open,138.62,1.0,0,-1.0,194.942049,0.0,SignalExec,138.805,138.999,14.0,-1
1765551074.2307198,2025-12-12 14:51:14,2025-12-12 22:51:14,PnlRecord,138.375,0,0,0,195.305049,1.9114252740910733,空,138.579,138.956,27.3,0
1765551074.8570511,2025-12-12 14:51:14,2025-12-12 22:51:14,CloseSignal,138.375,1.0,-1.0,0,195.305049,0.0,TrendEnd,138.579,138.956,27.3,0
1765551201.076983,2025-12-12 14:53:21,2025-12-12 22:53:21,Open,138.31,1.0,0,-1.0,195.23804900000002,0.0,SignalExec,138.480,138.920,31.8,-1
1765551267.6243715,2025-12-12 14:54:27,2025-12-12 22:54:27,SL,138.487,1.0,-1.0,0.0,194.967049,0.0,🛡️ 止损 (-1.54%),138.480,138.920,31.8,-1
1765551267.6246984,2025-12-12 14:54:27,2025-12-12 22:54:27,PnlRecord,138.487,0,0,0,195.01204900000002,-1.5404197463007787,空,138.480,138.920,31.8,-1
1765551273.1023042,2025-12-12 14:54:33,2025-12-12 22:54:33,Open,138.487,1.0,0,-1.0,194.963049,0.0,SignalExec,138.482,138.906,30.6,-1
1765551396.2450447,2025-12-12 14:56:36,2025-12-12 22:56:36,PnlRecord,138.475,0,0,0,195.016049,0.2526893365099747,空,138.461,138.875,29.9,0
1765551396.7634568,2025-12-12 14:56:36,2025-12-12 22:56:36,CloseSignal,138.475,1.0,-1.0,0,195.016049,0.0,TrendEnd,138.461,138.875,29.9,0
1765551524.0285757,2025-12-12 14:58:44,2025-12-12 22:58:44,Open,138.695,1.0,0,-1.0,195.040049,0.0,SignalExec,138.588,138.865,20.0,-1
1765551647.4589787,2025-12-12 15:00:47,2025-12-12 23:00:47,PnlRecord,138.166,0,0,0,195.576711,3.8213070312049457,空,138.463,138.833,26.8,0
1765551647.9707592,2025-12-12 15:00:47,2025-12-12 23:00:47,CloseSignal,138.166,1.0,-1.0,0,195.576711,0.0,TrendEnd,138.463,138.833,26.8,0
1765551773.8189187,2025-12-12 15:02:53,2025-12-12 23:02:53,Open,138.044,1.0,0,-1.0,195.543711,0.0,SignalExec,138.247,138.780,38.6,-1
1765551896.076941,2025-12-12 15:04:56,2025-12-12 23:04:56,PnlRecord,137.672,0,0,0,196.034711,3.1208590689558635,空,138.027,138.719,50.2,0
1765551896.6189573,2025-12-12 15:04:56,2025-12-12 23:04:56,CloseSignal,137.672,1.0,-1.0,0,196.034711,0.0,TrendEnd,138.027,138.719,50.2,0
1765552022.8439379,2025-12-12 15:07:02,2025-12-12 23:07:02,Open,137.699,1.0,0,-1.0,196.05271100000002,0.0,SignalExec,137.864,138.652,57.3,-1
1765552145.1957216,2025-12-12 15:09:05,2025-12-12 23:09:05,PnlRecord,137.281,0,0,0,196.459711,3.202102786773373,空,137.593,138.566,70.9,0
1765552145.7352798,2025-12-12 15:09:05,2025-12-12 23:09:05,CloseSignal,137.281,1.0,-1.0,0,196.459711,0.0,TrendEnd,137.593,138.566,70.9,0
1765552273.5110734,2025-12-12 15:11:13,2025-12-12 23:11:13,Open,137.304,1.0,0,-1.0,196.412711,0.0,SignalExec,137.418,138.480,77.3,-1
1765552339.484329,2025-12-12 15:12:19,2025-12-12 23:12:19,SL,137.624,1.0,-1.0,0.0,196.120711,0.0,🛡️ 止损 (-2.21%),137.418,138.480,77.3,-1
1765552339.484639,2025-12-12 15:12:19,2025-12-12 23:12:19,PnlRecord,137.624,0,0,0,196.035711,-2.2065088369586388,空,137.418,138.480,77.3,-1
1765552345.3660436,2025-12-12 15:12:25,2025-12-12 23:12:25,Open,137.624,1.0,0,-1.0,196.131711,0.0,SignalExec,137.477,138.452,70.8,-1
1765552468.1590052,2025-12-12 15:14:28,2025-12-12 23:14:28,PnlRecord,137.521,0,0,0,196.207711,0.7121109730488755,空,137.496,138.391,65.1,0
1765552468.7379427,2025-12-12 15:14:28,2025-12-12 23:14:28,CloseSignal,137.521,1.0,-1.0,0,196.207711,0.0,TrendEnd,137.496,138.391,65.1,0
1765552594.4210951,2025-12-12 15:16:34,2025-12-12 23:16:34,Open,137.156,1.0,0,-1.0,196.246711,0.0,SignalExec,137.401,138.323,67.2,-1
1765552721.3050733,2025-12-12 15:18:41,2025-12-12 23:18:41,SL,137.379,1.0,-1.0,0.0,195.986711,0.0,🛡️ 止损 (-1.60%),137.352,138.287,68.1,-1
1765552721.3055465,2025-12-12 15:18:41,2025-12-12 23:18:41,PnlRecord,137.379,0,0,0,196.083711,-1.6039778651054535,空,137.352,138.287,68.1,-1
1765552788.5219488,2025-12-12 15:19:48,2025-12-12 23:19:48,Open,137.567,1.0,0,-1.0,196.00671100000002,0.0,SignalExec,137.419,138.234,59.3,-1
1765552913.0773559,2025-12-12 15:21:53,2025-12-12 23:21:53,PnlRecord,137.244,0,0,0,196.293711,2.376954445340938,空,137.384,138.178,57.9,0
1765552913.5920444,2025-12-12 15:21:53,2025-12-12 23:21:53,CloseSignal,137.244,1.0,-1.0,0,196.293711,0.0,TrendEnd,137.384,138.178,57.9,0
1765553040.7887092,2025-12-12 15:24:00,2025-12-12 23:24:00,Open,137.173,1.0,0,-1.0,196.326264,0.0,SignalExec,137.321,138.120,58.3,-1
1765553163.236112,2025-12-12 15:26:03,2025-12-12 23:26:03,PnlRecord,136.814,0,0,0,196.621264,2.3771328569344714,空,137.062,138.034,71.1,0
1765553163.7488558,2025-12-12 15:26:03,2025-12-12 23:26:03,CloseSignal,136.814,1.0,-1.0,0,196.621264,0.0,TrendEnd,137.062,138.034,71.1,0
1765553290.666673,2025-12-12 15:28:10,2025-12-12 23:28:10,Open,136.0,1.0,0,-1.0,196.950264,0.0,SignalExec,136.587,137.910,97.3,-1
1765553414.624363,2025-12-12 15:30:14,2025-12-12 23:30:14,PnlRecord,135.638,0,0,0,197.17226399999998,2.6617647058823146,空,136.132,137.765,120.4,0
1765553415.1356387,2025-12-12 15:30:15,2025-12-12 23:30:15,CloseSignal,135.638,1.0,-1.0,0,197.17226399999998,0.0,TrendEnd,136.132,137.765,120.4,0
1765553541.1665585,2025-12-12 15:32:21,2025-12-12 23:32:21,Open,135.393,1.0,0,-1.0,196.913264,0.0,SignalExec,135.750,137.609,137.3,-1
1765553666.752372,2025-12-12 15:34:26,2025-12-12 23:34:26,PnlRecord,135.171,0,0,0,197.209264,1.6396711794554253,空,135.529,137.461,142.9,0
1765553667.2413855,2025-12-12 15:34:27,2025-12-12 23:34:27,CloseSignal,135.171,1.0,-1.0,0,197.209264,0.0,TrendEnd,135.529,137.461,142.9,0
1765553793.069331,2025-12-12 15:36:33,2025-12-12 23:36:33,Open,134.639,1.0,0,-1.0,197.080264,0.0,SignalExec,135.162,137.290,158.1,-1
1765553859.1725757,2025-12-12 15:37:39,2025-12-12 23:37:39,SL,134.954,1.0,-1.0,0.0,196.963264,0.0,🛡️ 止损 (-1.73%),135.162,137.290,158.1,-1
1765553859.172894,2025-12-12 15:37:39,2025-12-12 23:37:39,PnlRecord,134.954,0,0,0,196.929264,-1.7295002263938368,空,135.162,137.290,158.1,-1
1765553864.4415147,2025-12-12 15:37:44,2025-12-12 23:37:44,Open,134.954,1.0,0,-1.0,196.934264,0.0,SignalExec,135.102,137.213,156.4,-1
1765553987.133776,2025-12-12 15:39:47,2025-12-12 23:39:47,PnlRecord,134.944,0,0,0,196.91726400000002,0.10373597711888147,空,135.051,137.071,149.7,0
1765553987.6850665,2025-12-12 15:39:47,2025-12-12 23:39:47,CloseSignal,134.944,1.0,-1.0,0,196.91726400000002,0.0,TrendEnd,135.051,137.071,149.7,0
1765554114.2575169,2025-12-12 15:41:54,2025-12-12 23:41:54,Open,134.154,1.0,0,-1.0,196.847264,0.0,SignalExec,134.624,136.885,168.5,-1
1765554179.0762312,2025-12-12 15:42:59,2025-12-12 23:42:59,SL,134.607,1.0,-1.0,0.0,196.454264,0.0,🛡️ 止损 (-3.47%),134.624,136.885,168.5,-1
1765554179.0767238,2025-12-12 15:42:59,2025-12-12 23:42:59,PnlRecord,134.607,0,0,0,196.359264,-3.4664758241266966,空,134.624,136.885,168.5,-1
1765554185.06298,2025-12-12 15:43:05,2025-12-12 23:43:05,Open,134.607,1.0,0,-1.0,196.46326399999998,0.0,SignalExec,134.619,136.810,162.8,-1
1765554310.7025273,2025-12-12 15:45:10,2025-12-12 23:45:10,SL,134.82,1.0,-1.0,0.0,196.295264,0.0,🛡️ 止损 (-1.43%),134.596,136.736,159.0,-1
1765554310.702858,2025-12-12 15:45:10,2025-12-12 23:45:10,PnlRecord,134.82,0,0,0,196.272264,-1.426152063463821,空,134.596,136.736,159.0,-1
1765554377.8708093,2025-12-12 15:46:17,2025-12-12 23:46:17,Open,134.907,1.0,0,-1.0,196.279264,0.0,SignalExec,134.731,136.615,139.7,-1
1765554503.3130076,2025-12-12 15:48:23,2025-12-12 23:48:23,SL,135.639,1.0,-1.0,0.0,195.462264,0.0,🛡️ 止损 (-6.49%),134.708,136.550,136.9,-1
1765554503.3133445,2025-12-12 15:48:23,2025-12-12 23:48:23,PnlRecord,135.639,0,0,0,195.561264,-6.492831913567422,空,134.708,136.550,136.9,-1
1765554572.7177565,2025-12-12 15:49:32,2025-12-12 23:49:32,Open,135.289,1.0,0,-1.0,195.456264,0.0,SignalExec,135.064,136.480,104.7,-1
1765554695.9770873,2025-12-12 15:51:35,2025-12-12 23:51:35,PnlRecord,134.753,0,0,0,195.882264,3.6967756722586564,空,134.937,136.373,106.5,0
1765554696.4761112,2025-12-12 15:51:36,2025-12-12 23:51:36,CloseSignal,134.753,1.0,-1.0,0,195.882264,0.0,TrendEnd,134.937,136.373,106.5,0
1765554824.5915654,2025-12-12 15:53:44,2025-12-12 23:53:44,Open,134.526,1.0,0,-1.0,195.951264,0.0,SignalExec,134.774,136.260,110.4,-1
1765554947.987686,2025-12-12 15:55:47,2025-12-12 23:55:47,PnlRecord,134.209,0,0,0,196.260264,2.2154980781669487,空,134.504,136.128,121.0,0
1765554948.4772184,2025-12-12 15:55:48,2025-12-12 23:55:48,CloseSignal,134.209,1.0,-1.0,0,196.260264,0.0,TrendEnd,134.504,136.128,121.0,0
1765555075.8329732,2025-12-12 15:57:55,2025-12-12 23:57:55,Open,133.905,1.0,0,-1.0,196.249264,0.0,SignalExec,134.235,135.989,131.0,-1
1765555140.9900467,2025-12-12 15:59:00,2025-12-12 23:59:00,TP,133.131,1.0,-1.0,0.0,197.020264,0.0,🚀 止盈 (+5.75%),134.235,135.989,131.0,-1
1765555140.9903808,2025-12-12 15:59:00,2025-12-12 23:59:00,PnlRecord,133.131,0,0,0,196.98426400000002,5.750517173135453,空,134.235,135.989,131.0,-1
1765555146.6701505,2025-12-12 15:59:06,2025-12-12 23:59:06,Open,133.131,1.0,0,-1.0,196.980572,0.0,SignalExec,133.919,135.895,148.4,-1
1765555212.4197361,2025-12-12 16:00:12,2025-12-13 00:00:12,SL,133.399,1.0,-1.0,0.0,196.833174,0.0,🛡️ 止损 (-1.93%),133.919,135.895,148.4,-1
1765555212.420104,2025-12-12 16:00:12,2025-12-13 00:00:12,PnlRecord,133.399,0,0,0,196.65417399999998,-1.9302699373601493,空,133.919,135.895,148.4,-1
1765555218.2682981,2025-12-12 16:00:18,2025-12-13 00:00:18,Open,133.399,1.0,0,-1.0,196.853292,0.0,SignalExec,133.771,135.813,153.1,-1
1765555283.3876042,2025-12-12 16:01:23,2025-12-13 00:01:23,SL,133.604,1.0,-1.0,0.0,196.438292,0.0,🛡️ 止损 (-3.03%),133.771,135.813,153.1,-1
1765555283.3879135,2025-12-12 16:01:23,2025-12-13 00:01:23,PnlRecord,133.604,0,0,0,196.43829200000002,-3.0255028115406044,空,133.771,135.813,153.1,-1
1765555289.6753235,2025-12-12 16:01:29,2025-12-13 00:01:29,Open,133.604,1.0,0,-1.0,196.46629199999998,0.0,SignalExec,133.723,135.741,151.0,-1
1765555354.8376374,2025-12-12 16:02:34,2025-12-13 00:02:34,SL,133.842,1.0,-1.0,0.0,196.256292,0.0,🛡️ 止损 (-1.45%),133.723,135.741,151.0,-1
1765555354.837991,2025-12-12 16:02:34,2025-12-13 00:02:34,PnlRecord,133.842,0,0,0,196.16329199999998,-1.4515742846882618,空,133.723,135.741,151.0,-1
1765555360.8371558,2025-12-12 16:02:40,2025-12-13 00:02:40,Open,133.842,1.0,0,-1.0,196.317292,0.0,SignalExec,133.757,135.678,143.6,-1
1765555485.193058,2025-12-12 16:04:45,2025-12-13 00:04:45,PnlRecord,133.274,0,0,0,196.654292,3.491823748887872,空,133.575,135.532,146.8,0
1765555485.6797817,2025-12-12 16:04:45,2025-12-13 00:04:45,CloseSignal,133.274,1.0,-1.0,0,196.654292,0.0,TrendEnd,133.575,135.532,146.8,0
1765555611.2578242,2025-12-12 16:06:51,2025-12-13 00:06:51,Open,133.225,1.0,0,-1.0,196.646292,0.0,SignalExec,133.417,135.385,147.7,-1
1765555735.530245,2025-12-12 16:08:55,2025-12-13 00:08:55,PnlRecord,133.333,0,0,0,196.856292,1.0489012759135914,空,133.377,135.253,140.7,0
1765555736.0255687,2025-12-12 16:08:56,2025-12-13 00:08:56,CloseSignal,133.333,1.0,-1.0,0,196.856292,0.0,TrendEnd,133.377,135.253,140.7,0
1765555861.9866781,2025-12-12 16:11:01,2025-12-13 00:11:01,Open,132.823,1.0,0,-1.0,196.87477900000002,0.0,SignalExec,133.243,135.118,141.1,-1
1765555988.3124983,2025-12-12 16:13:08,2025-12-13 00:13:08,SL,133.067,1.0,-1.0,0.0,196.662779,0.0,🛡️ 止损 (-1.66%),133.105,135.040,145.8,-1
1765555988.312821,2025-12-12 16:13:08,2025-12-13 00:13:08,PnlRecord,133.067,0,0,0,196.56477900000002,-1.6635803863119976,空,133.105,135.040,145.8,-1
1765556055.812095,2025-12-12 16:14:15,2025-12-13 00:14:15,Open,133.185,1.0,0,-1.0,196.641779,0.0,SignalExec,133.120,134.917,134.9,-1
1765556178.1367605,2025-12-12 16:16:18,2025-12-13 00:16:18,PnlRecord,132.862,0,0,0,196.829779,3.30077568228532,空,133.027,134.790,132.6,0
1765556178.61825,2025-12-12 16:16:18,2025-12-13 00:16:18,CloseSignal,132.862,1.0,-1.0,0,196.829779,0.0,TrendEnd,133.027,134.790,132.6,0
1765556304.1915927,2025-12-12 16:18:24,2025-12-13 00:18:24,Open,133.016,1.0,0,-1.0,197.16377899999998,0.0,SignalExec,133.039,134.678,123.2,-1
1765556426.3492048,2025-12-12 16:20:26,2025-12-13 00:20:26,PnlRecord,132.731,0,0,0,197.37877899999998,1.9625240615976578,空,132.906,134.555,124.3,0
1765556426.8462365,2025-12-12 16:20:26,2025-12-13 00:20:26,CloseSignal,132.731,1.0,-1.0,0,197.37877899999998,0.0,TrendEnd,132.906,134.555,124.3,0
1765556552.8111966,2025-12-12 16:22:32,2025-12-13 00:22:32,Open,132.322,1.0,0,-1.0,197.42177900000002,0.0,SignalExec,132.606,134.409,136.2,-1
1765556619.0278862,2025-12-12 16:23:39,2025-12-13 00:23:39,SL,132.887,1.0,-1.0,0.0,196.934779,0.0,🛡️ 止损 (-4.20%),132.606,134.409,136.2,-1
1765556619.0282338,2025-12-12 16:23:39,2025-12-13 00:23:39,PnlRecord,132.887,0,0,0,196.992779,-4.20158541838278,空,132.606,134.409,136.2,-1
1765556624.5461156,2025-12-12 16:23:44,2025-12-13 00:23:44,Open,132.887,1.0,0,-1.0,196.97435199999998,0.0,SignalExec,132.687,134.359,125.9,-1
1765556749.9648864,2025-12-12 16:25:49,2025-12-13 00:25:49,SL,132.927,1.0,-1.0,0.0,196.748352,0.0,🛡️ 止损 (-1.29%),132.710,134.307,120.3,-1
1765556749.9652011,2025-12-12 16:25:49,2025-12-13 00:25:49,PnlRecord,132.927,0,0,0,196.69435199999998,-1.2880773750338386,空,132.710,134.307,120.3,-1
1765556816.8707855,2025-12-12 16:26:56,2025-12-13 00:26:56,Open,133.4,1.0,0,-1.0,196.77435200000002,0.0,SignalExec,132.951,134.233,96.1,-1
1765556941.0440528,2025-12-12 16:29:01,2025-12-13 00:29:01,PnlRecord,133.469,0,0,0,196.79735200000002,-0.20233509689593088,空,133.202,134.184,73.5,0
1765556941.563013,2025-12-12 16:29:01,2025-12-13 00:29:01,CloseSignal,133.469,1.0,-1.0,0,196.79735200000002,0.0,TrendEnd,133.202,134.184,73.5,0
1765557067.1407797,2025-12-12 16:31:07,2025-12-13 00:31:07,Open,133.163,1.0,0,-1.0,196.721724,0.0,SignalExec,133.253,134.129,65.8,-1
1765557193.2855403,2025-12-12 16:33:13,2025-12-13 00:33:13,TP,132.433,1.0,-1.0,0.0,197.339724,0.0,🚀 止盈 (+5.33%),133.090,134.081,74.7,-1
1765557193.2859025,2025-12-12 16:33:13,2025-12-13 00:33:13,PnlRecord,132.433,0,0,0,197.423724,5.332612304064111,空,133.090,134.081,74.7,-1
1765557260.546829,2025-12-12 16:34:20,2025-12-13 00:34:20,Open,132.437,1.0,0,-1.0,197.341724,0.0,SignalExec,132.769,133.975,91.0,-1
1765557383.243642,2025-12-12 16:36:23,2025-12-13 00:36:23,PnlRecord,132.567,0,0,0,197.359724,-0.6415965942543739,空,132.671,133.884,91.5,0
1765557383.7433553,2025-12-12 16:36:23,2025-12-13 00:36:23,CloseSignal,132.567,1.0,-1.0,0,197.359724,0.0,TrendEnd,132.671,133.884,91.5,0
1765557510.6358585,2025-12-12 16:38:30,2025-12-13 00:38:30,Open,132.017,1.0,0,-1.0,197.242724,0.0,SignalExec,132.454,133.780,100.5,-1
1765557633.9837103,2025-12-12 16:40:33,2025-12-13 00:40:33,PnlRecord,131.888,0,0,0,197.31072400000002,0.7425029927415391,空,132.212,133.663,110.1,0
1765557634.474914,2025-12-12 16:40:34,2025-12-13 00:40:34,CloseSignal,131.888,1.0,-1.0,0,197.31072400000002,0.0,TrendEnd,132.212,133.663,110.1,0
1765557762.4236693,2025-12-12 16:42:42,2025-12-13 00:42:42,Open,131.73,1.0,0,-1.0,197.36472400000002,0.0,SignalExec,132.025,133.546,115.5,-1
1765557829.6796687,2025-12-12 16:43:49,2025-12-13 00:43:49,SL,132.014,1.0,-1.0,0.0,197.062724,0.0,🛡️ 止损 (-2.04%),132.025,133.546,115.5,-1
1765557829.6800241,2025-12-12 16:43:49,2025-12-13 00:43:49,PnlRecord,132.014,0,0,0,196.973724,-2.0418232190975405,空,132.025,133.546,115.5,-1
1765557835.630714,2025-12-12 16:43:55,2025-12-13 00:43:55,Open,132.014,1.0,0,-1.0,197.018724,0.0,SignalExec,132.022,133.496,111.7,-1
1765557959.6216478,2025-12-12 16:45:59,2025-12-13 00:45:59,PnlRecord,132.051,0,0,0,197.001724,-0.6213580462077734,空,132.024,133.401,104.3,0
1765557960.1349206,2025-12-12 16:46:00,2025-12-13 00:46:00,CloseSignal,132.051,1.0,-1.0,0,197.001724,0.0,TrendEnd,132.024,133.401,104.3,0
1765558087.7044253,2025-12-12 16:48:07,2025-12-13 00:48:07,Open,132.153,1.0,0,-1.0,197.02633999999998,0.0,SignalExec,132.048,133.314,95.8,-1
1765558153.6536052,2025-12-12 16:49:13,2025-12-13 00:49:13,SL,132.291,1.0,-1.0,0.0,196.84934,0.0,🛡️ 止损 (-1.88%),132.048,133.314,95.8,-1
1765558153.653913,2025-12-12 16:49:13,2025-12-13 00:49:13,PnlRecord,132.291,0,0,0,196.84034,-1.878176048711332,空,132.048,133.314,95.8,-1
1765558159.4860516,2025-12-12 16:49:19,2025-12-13 00:49:19,Open,132.291,1.0,0,-1.0,196.86834000000002,0.0,SignalExec,132.117,133.281,88.0,-1
1765558281.9028523,2025-12-12 16:51:21,2025-12-13 00:51:21,PnlRecord,132.065,0,0,0,196.87434000000002,0.31035683466304953,空,132.064,133.198,85.9,0
1765558282.407013,2025-12-12 16:51:22,2025-12-13 00:51:22,CloseSignal,132.065,1.0,-1.0,0,196.87434000000002,0.0,TrendEnd,132.064,133.198,85.9,0
1765558408.4678323,2025-12-12 16:53:28,2025-12-13 00:53:28,Open,132.268,1.0,0,-1.0,196.88334,0.0,SignalExec,132.101,133.128,77.7,-1
1765558532.3803635,2025-12-12 16:55:32,2025-12-13 00:55:32,PnlRecord,132.12,0,0,0,196.86034,0.4009896120992735,空,132.056,133.055,75.6,0
1765558532.8783514,2025-12-12 16:55:32,2025-12-13 00:55:32,CloseSignal,132.12,1.0,-1.0,0,196.86034,0.0,TrendEnd,132.056,133.055,75.6,0
1765558658.7556686,2025-12-12 16:57:38,2025-12-13 00:57:38,Open,132.484,1.0,0,-1.0,196.924033,0.0,SignalExec,132.230,133.013,59.1,-1
1765558783.3681297,2025-12-12 16:59:43,2025-12-13 00:59:43,PnlRecord,132.172,0,0,0,197.257033,2.3700617423727257,空,132.208,132.959,56.9,0
1765558783.8960314,2025-12-12 16:59:43,2025-12-13 00:59:43,CloseSignal,132.172,1.0,-1.0,0,197.257033,0.0,TrendEnd,132.208,132.959,56.9,0
1765558908.9737296,2025-12-12 17:01:48,2025-12-13 01:01:48,Open,132.377,1.0,0,-1.0,197.244033,0.0,SignalExec,132.289,132.922,47.8,-1
1765559037.2371132,2025-12-12 17:03:57,2025-12-13 01:03:57,SL,132.647,1.0,-1.0,0.0,196.983033,0.0,🛡️ 止损 (-2.07%),132.307,132.903,45.0,-1
1765559037.2374153,2025-12-12 17:03:57,2025-12-13 01:03:57,PnlRecord,132.647,0,0,0,196.978033,-2.0699085160871245,空,132.307,132.903,45.0,-1
1765559104.1336544,2025-12-12 17:05:04,2025-12-13 01:05:04,Open,132.419,1.0,0,-1.0,196.859033,0.0,SignalExec,132.408,132.879,35.5,-1
1765559168.9141426,2025-12-12 17:06:08,2025-12-13 01:06:08,SL,132.668,1.0,-1.0,0.0,196.714033,0.0,🛡️ 止损 (-1.92%),132.408,132.879,35.5,-1
1765559168.9144626,2025-12-12 17:06:08,2025-12-13 01:06:08,PnlRecord,132.668,0,0,0,196.797033,-1.9182261694384213,空,132.408,132.879,35.5,-1
1765559174.6582954,2025-12-12 17:06:14,2025-12-13 01:06:14,Open,132.668,1.0,0,-1.0,196.701033,0.0,SignalExec,132.482,132.872,29.4,-1
1765559300.670537,2025-12-12 17:08:20,2025-12-13 01:08:20,SL,133.109,1.0,-1.0,0.0,196.363033,0.0,🛡️ 止损 (-3.08%),132.568,132.869,22.7,-1
1765559300.670816,2025-12-12 17:08:20,2025-12-13 01:08:20,PnlRecord,133.109,0,0,0,196.294033,-3.082140165787643,空,132.568,132.869,22.7,-1
1765560353.4794035,2025-12-12 17:25:53,2025-12-13 01:25:53,Open,132.496,1.0,0,-1.0,196.392033,0.0,SignalExec,132.737,132.928,14.4,-1
1765560475.958065,2025-12-12 17:27:55,2025-12-13 01:27:55,PnlRecord,131.989,0,0,0,196.871033,3.901710111240215,空,132.416,132.874,34.7,0
1765560476.454548,2025-12-12 17:27:56,2025-12-13 01:27:56,CloseSignal,131.989,1.0,-1.0,0,196.871033,0.0,TrendEnd,132.416,132.874,34.7,0
1765560602.6100638,2025-12-12 17:30:02,2025-12-13 01:30:02,Open,131.5,1.0,0,-1.0,196.868033,0.0,SignalExec,132.028,132.795,58.3,-1
1765560724.941831,2025-12-12 17:32:04,2025-12-13 01:32:04,PnlRecord,131.378,0,0,0,196.98903299999998,0.9201590886623421,空,131.697,132.702,76.5,0
1765560725.4402628,2025-12-12 17:32:05,2025-12-13 01:32:05,CloseSignal,131.378,1.0,-1.0,0,196.98903299999998,0.0,TrendEnd,131.697,132.702,76.5,0
1765560851.6143477,2025-12-12 17:34:11,2025-12-13 01:34:11,Open,131.925,1.0,0,-1.0,196.859033,0.0,SignalExec,131.773,132.646,66.2,-1
1765560974.0479422,2025-12-12 17:36:14,2025-12-13 01:36:14,PnlRecord,131.933,0,0,0,196.89503299999998,-0.06064051544423995,空,131.813,132.594,59.2,0
1765560974.541312,2025-12-12 17:36:14,2025-12-13 01:36:14,CloseSignal,131.933,1.0,-1.0,0,196.89503299999998,0.0,TrendEnd,131.813,132.594,59.2,0
1765561100.573733,2025-12-12 17:38:20,2025-12-13 01:38:20,Open,132.08,1.0,0,-1.0,196.841275,0.0,SignalExec,131.912,132.556,48.7,-1
1765561224.7153616,2025-12-12 17:40:24,2025-12-13 01:40:24,PnlRecord,131.93,0,0,0,196.964275,0.9087466868610719,空,131.937,132.518,44.0,0
1765561225.3059216,2025-12-12 17:40:25,2025-12-13 01:40:25,CloseSignal,131.93,1.0,-1.0,0,196.964275,0.0,TrendEnd,131.937,132.518,44.0,0
1765561350.8965611,2025-12-12 17:42:30,2025-12-13 01:42:30,Open,131.6,1.0,0,-1.0,196.838275,0.0,SignalExec,131.798,132.463,50.6,-1
1765561473.3724236,2025-12-12 17:44:33,2025-12-13 01:44:33,PnlRecord,131.672,0,0,0,196.819275,-0.5547154613637453,空,131.719,132.409,52.5,0
1765561473.891106,2025-12-12 17:44:33,2025-12-13 01:44:33,CloseSignal,131.672,1.0,-1.0,0,196.819275,0.0,TrendEnd,131.719,132.409,52.5,0
1765561599.6809096,2025-12-12 17:46:39,2025-12-13 01:46:39,Open,131.727,1.0,0,-1.0,196.825275,0.0,SignalExec,131.722,132.365,48.8,-1
1765561664.6980016,2025-12-12 17:47:44,2025-12-13 01:47:44,SL,132.087,1.0,-1.0,0.0,196.465275,0.0,🛡️ 止损 (-3.03%),131.722,132.365,48.8,-1
1765561664.6983144,2025-12-12 17:47:44,2025-12-13 01:47:44,PnlRecord,132.087,0,0,0,196.503275,-3.0298888281392453,空,131.722,132.365,48.8,-1
1765561670.6680317,2025-12-12 17:47:50,2025-12-13 01:47:50,Open,132.087,1.0,0,-1.0,196.43327499999998,0.0,SignalExec,131.826,132.356,40.1,-1
1765561793.4233973,2025-12-12 17:49:53,2025-12-13 01:49:53,PnlRecord,132.003,0,0,0,196.55927499999999,0.5224423041978377,空,131.924,132.335,31.2,0
1765561794.0080495,2025-12-12 17:49:54,2025-12-13 01:49:54,CloseSignal,132.003,1.0,-1.0,0,196.55927499999999,0.0,TrendEnd,131.924,132.335,31.2,0
1765561919.482317,2025-12-12 17:51:59,2025-12-13 01:51:59,Open,131.79,1.0,0,-1.0,196.53527499999998,0.0,SignalExec,131.887,132.304,31.7,-1
1765562043.497928,2025-12-12 17:54:03,2025-12-13 01:54:03,PnlRecord,131.914,0,0,0,196.420275,-0.9788670941305209,空,131.897,132.278,28.9,0
1765562044.0397758,2025-12-12 17:54:04,2025-12-13 01:54:04,CloseSignal,131.914,1.0,-1.0,0,196.420275,0.0,TrendEnd,131.897,132.278,28.9,0
1765562170.300785,2025-12-12 17:56:10,2025-12-13 01:56:10,Open,132.096,1.0,0,-1.0,196.439275,0.0,SignalExec,131.968,132.263,22.3,-1
1765562293.0824015,2025-12-12 17:58:13,2025-12-13 01:58:13,PnlRecord,132.041,0,0,0,196.54327500000002,0.40879669934518376,空,132.025,132.252,17.1,0
1765562293.5915804,2025-12-12 17:58:13,2025-12-13 01:58:13,CloseSignal,132.041,1.0,-1.0,0,196.54327500000002,0.0,TrendEnd,132.025,132.252,17.1,0
1765562419.324167,2025-12-12 18:00:19,2025-12-13 02:00:19,Open,132.053,1.0,0,-1.0,196.472275,0.0,SignalExec,132.041,132.239,15.0,-1
1765562484.1188953,2025-12-12 18:01:24,2025-12-13 02:01:24,SL,132.247,1.0,-1.0,0.0,196.250275,0.0,🛡️ 止损 (-1.76%),132.041,132.239,15.0,-1
1765562484.1192098,2025-12-12 18:01:24,2025-12-13 02:01:24,PnlRecord,132.247,0,0,0,196.255275,-1.7573760557514508,空,132.041,132.239,15.0,-1
1765562490.0546494,2025-12-12 18:01:30,2025-12-13 02:01:30,Open,132.247,1.0,0,-1.0,196.24327499999998,0.0,SignalExec,132.100,132.239,10.6,-1
1765562551.3933036,2025-12-12 18:02:31,2025-12-13 02:02:31,PnlRecord,132.274,0,0,0,196.15327499999998,-0.46137671787197215,空,132.150,132.240,6.9,0
1765562551.8929029,2025-12-12 18:02:31,2025-12-13 02:02:31,CloseSignal,132.274,1.0,-1.0,0,196.15327499999998,0.0,TrendEnd,132.150,132.240,6.9,0
1765563664.5846164,2025-12-12 18:21:04,2025-12-13 02:21:04,Open,131.687,1.0,0,-1.0,196.128275,0.0,SignalExec,132.141,132.293,11.5,-1
1765563787.197289,2025-12-12 18:23:07,2025-12-13 02:23:07,PnlRecord,131.499,0,0,0,196.348275,1.4503758827549738,空,131.849,132.245,30.1,0
1765563787.7096825,2025-12-12 18:23:07,2025-12-13 02:23:07,CloseSignal,131.499,1.0,-1.0,0,196.348275,0.0,TrendEnd,131.849,132.245,30.1,0
1765563913.8203378,2025-12-12 18:25:13,2025-12-13 02:25:13,Open,131.798,1.0,0,-1.0,196.324275,0.0,SignalExec,131.785,132.210,32.3,-1
1765563978.581216,2025-12-12 18:26:18,2025-12-13 02:26:18,SL,132.037,1.0,-1.0,0.0,196.072275,0.0,🛡️ 止损 (-1.74%),131.785,132.210,32.3,-1
1765563978.5815134,2025-12-12 18:26:18,2025-12-13 02:26:18,PnlRecord,132.037,0,0,0,196.151275,-1.737375576596363,空,131.785,132.210,32.3,-1
1765563984.385486,2025-12-12 18:26:24,2025-12-13 02:26:24,Open,132.037,1.0,0,-1.0,196.07627499999998,0.0,SignalExec,131.857,132.204,26.3,-1
1765564109.9087372,2025-12-12 18:28:29,2025-12-13 02:28:29,SL,132.296,1.0,-1.0,0.0,195.875275,0.0,🛡️ 止损 (-1.64%),131.943,132.203,19.7,-1
1765564109.9090824,2025-12-12 18:28:29,2025-12-13 02:28:29,PnlRecord,132.296,0,0,0,195.842275,-1.6353725015140805,空,131.943,132.203,19.7,-1
1765566442.645091,2025-12-12 19:07:22,2025-12-13 03:07:22,Open,132.239,1.0,0,-1.0,195.866275,0.0,SignalExec,132.404,132.552,11.2,-1
1765566564.9571948,2025-12-12 19:09:24,2025-12-13 03:09:24,PnlRecord,132.229,0,0,0,195.887275,0.04537376640072769,空,132.298,132.528,17.4,0
1765566565.4620898,2025-12-12 19:09:25,2025-12-13 03:09:25,CloseSignal,132.229,1.0,-1.0,0,195.887275,0.0,TrendEnd,132.298,132.528,17.4,0
1765566691.1855655,2025-12-12 19:11:31,2025-12-13 03:11:31,Open,132.289,1.0,0,-1.0,195.87927499999998,0.0,SignalExec,132.286,132.511,17.0,-1
1765566814.1991546,2025-12-12 19:13:34,2025-12-13 03:13:34,PnlRecord,132.081,0,0,0,196.02927499999998,1.1419323613044532,空,132.209,132.487,21.1,0
1765566814.7537973,2025-12-12 19:13:34,2025-12-13 03:13:34,CloseSignal,132.081,1.0,-1.0,0,196.02927499999998,0.0,TrendEnd,132.209,132.487,21.1,0
1765566940.4489977,2025-12-12 19:15:40,2025-12-13 03:15:40,Open,132.184,1.0,0,-1.0,195.939275,0.0,SignalExec,132.175,132.464,21.9,-1
1765567065.5023077,2025-12-12 19:17:45,2025-12-13 03:17:45,PnlRecord,132.091,0,0,0,196.127275,0.8547396447913795,空,132.124,132.439,23.8,0
1765567066.0209806,2025-12-12 19:17:46,2025-12-13 03:17:46,CloseSignal,132.091,1.0,-1.0,0,196.127275,0.0,TrendEnd,132.124,132.439,23.8,0
1765567191.904929,2025-12-12 19:19:51,2025-12-13 03:19:51,Open,131.982,1.0,0,-1.0,196.102755,0.0,SignalExec,132.076,132.412,25.5,-1
1765567258.6404474,2025-12-12 19:20:58,2025-12-13 03:20:58,SL,132.319,1.0,-1.0,0.0,195.799755,0.0,🛡️ 止损 (-2.21%),132.076,132.412,25.5,-1
1765567258.6407611,2025-12-12 19:20:58,2025-12-13 03:20:58,PnlRecord,132.319,0,0,0,195.890755,-2.211668825316046,空,132.076,132.412,25.5,-1
1765567264.463879,2025-12-12 19:21:04,2025-12-13 03:21:04,Open,132.319,1.0,0,-1.0,195.810755,0.0,SignalExec,132.145,132.409,19.9,-1
1765567386.7812343,2025-12-12 19:23:06,2025-12-13 03:23:06,PnlRecord,132.144,0,0,0,195.985755,1.3904842512544398,空,132.119,132.388,20.3,0
1765567387.3233337,2025-12-12 19:23:07,2025-12-13 03:23:07,CloseSignal,132.144,1.0,-1.0,0,195.985755,0.0,TrendEnd,132.119,132.388,20.3,0
1765567513.0276937,2025-12-12 19:25:13,2025-12-13 03:25:13,Open,132.339,1.0,0,-1.0,196.005755,0.0,SignalExec,132.201,132.381,13.6,-1
1765567635.6195374,2025-12-12 19:27:15,2025-12-13 03:27:15,PnlRecord,131.942,0,0,0,196.486755,3.0450715931844163,空,132.110,132.358,18.8,0
1765567636.1520782,2025-12-12 19:27:16,2025-12-13 03:27:16,CloseSignal,131.942,1.0,-1.0,0,196.486755,0.0,TrendEnd,132.110,132.358,18.8,0
1765567763.4421191,2025-12-12 19:29:23,2025-12-13 03:29:23,Open,131.932,1.0,0,-1.0,196.381755,0.0,SignalExec,131.985,132.325,25.8,-1
1765567887.487319,2025-12-12 19:31:27,2025-12-13 03:31:27,PnlRecord,131.979,0,0,0,196.326755,-0.3941573749120417,空,131.959,132.299,25.8,0
1765567888.0048428,2025-12-12 19:31:28,2025-12-13 03:31:28,CloseSignal,131.979,1.0,-1.0,0,196.326755,0.0,TrendEnd,131.959,132.299,25.8,0
1765568013.7874951,2025-12-12 19:33:33,2025-12-13 03:33:33,Open,131.912,1.0,0,-1.0,196.325755,0.0,SignalExec,131.941,132.275,25.3,-1
1765568137.314596,2025-12-12 19:35:37,2025-12-13 03:35:37,PnlRecord,131.874,0,0,0,196.307755,-0.17443932924282815,空,131.907,132.249,26.0,0
1765568137.8374217,2025-12-12 19:35:37,2025-12-13 03:35:37,CloseSignal,131.874,1.0,-1.0,0,196.307755,0.0,TrendEnd,131.907,132.249,26.0,0
1765568263.674432,2025-12-12 19:37:43,2025-12-13 03:37:43,Open,131.651,1.0,0,-1.0,196.316755,0.0,SignalExec,131.790,132.212,32.0,-1
1765568385.6056726,2025-12-12 19:39:45,2025-12-13 03:39:45,PnlRecord,131.644,0,0,0,196.327755,0.0835517071132557,空,131.721,132.175,34.5,0
1765568386.2678623,2025-12-12 19:39:46,2025-12-13 03:39:46,CloseSignal,131.644,1.0,-1.0,0,196.327755,0.0,TrendEnd,131.721,132.175,34.5,0
1765568513.5549946,2025-12-12 19:41:53,2025-12-13 03:41:53,Open,131.689,1.0,0,-1.0,196.333755,0.0,SignalExec,131.680,132.140,34.9,-1
1765568636.089611,2025-12-12 19:43:56,2025-12-13 03:43:56,PnlRecord,131.199,0,0,0,196.795755,3.8343558282208243,空,131.483,132.085,45.9,0
1765568636.5989354,2025-12-12 19:43:56,2025-12-13 03:43:56,CloseSignal,131.199,1.0,-1.0,0,196.795755,0.0,TrendEnd,131.483,132.085,45.9,0
1765568763.6923237,2025-12-12 19:46:03,2025-12-13 03:46:03,Open,130.627,1.0,0,-1.0,196.845755,0.0,SignalExec,131.132,132.002,66.6,-1
1765568889.7048335,2025-12-12 19:48:09,2025-12-13 03:48:09,PnlRecord,130.525,0,0,0,197.01475499999998,0.6201859026383846,空,130.835,131.907,82.1,0
1765568890.2172964,2025-12-12 19:48:10,2025-12-13 03:48:10,CloseSignal,130.525,1.0,-1.0,0,197.01475499999998,0.0,TrendEnd,130.835,131.907,82.1,0
1765569016.0666401,2025-12-12 19:50:16,2025-12-13 03:50:16,Open,130.905,1.0,0,-1.0,196.878989,0.0,SignalExec,130.847,131.839,75.7,-1
1765569145.761008,2025-12-12 19:52:25,2025-12-13 03:52:25,SL,131.133,1.0,-1.0,0.0,196.586989,0.0,🛡️ 止损 (-2.28%),130.853,131.807,72.9,-1
1765569145.7613404,2025-12-12 19:52:25,2025-12-13 03:52:25,PnlRecord,131.133,0,0,0,196.695989,-2.2776779913631815,空,130.853,131.807,72.9,-1
1765569212.8012953,2025-12-12 19:53:32,2025-12-13 03:53:32,Open,131.093,1.0,0,-1.0,196.58498899999998,0.0,SignalExec,130.979,131.762,59.7,-1
1765569277.8858569,2025-12-12 19:54:37,2025-12-13 03:54:37,SL,131.252,1.0,-1.0,0.0,196.403087,0.0,🛡️ 止损 (-1.21%),130.979,131.762,59.7,-1
1765569277.886164,2025-12-12 19:54:37,2025-12-13 03:54:37,PnlRecord,131.252,0,0,0,196.414989,-1.2052420400629735,空,130.979,131.762,59.7,-1
1765569283.2322366,2025-12-12 19:54:43,2025-12-13 03:54:43,Open,131.252,1.0,0,-1.0,196.388087,0.0,SignalExec,131.057,131.745,52.5,-1
1765569405.6832652,2025-12-12 19:56:45,2025-12-13 03:56:45,PnlRecord,130.993,0,0,0,196.602087,1.5396928236594243,空,131.059,131.702,49.1,0
1765569406.195271,2025-12-12 19:56:46,2025-12-13 03:56:46,CloseSignal,130.993,1.0,-1.0,0,196.602087,0.0,TrendEnd,131.059,131.702,49.1,0
1765569533.8515313,2025-12-12 19:58:53,2025-12-13 03:58:53,Open,130.871,1.0,0,-1.0,196.570087,0.0,SignalExec,130.957,131.647,52.7,-1
1765569598.9870775,2025-12-12 19:59:58,2025-12-13 03:59:58,SL,131.176,1.0,-1.0,0.0,196.271781,0.0,🛡️ 止损 (-2.43%),130.957,131.647,52.7,-1
1765569598.9873822,2025-12-12 19:59:58,2025-12-13 03:59:58,PnlRecord,131.176,0,0,0,196.273087,-2.4301150865822767,空,130.957,131.647,52.7,-1
1765569604.7649188,2025-12-12 20:00:04,2025-12-13 04:00:04,Open,131.176,1.0,0,-1.0,196.243089,0.0,SignalExec,131.019,131.631,46.7,-1
1765569727.2751992,2025-12-12 20:02:07,2025-12-13 04:02:07,PnlRecord,131.113,0,0,0,196.268089,0.17539043435819407,空,131.064,131.598,40.7,0
1765569727.8395574,2025-12-12 20:02:07,2025-12-13 04:02:07,CloseSignal,131.113,1.0,-1.0,0,196.268089,0.0,TrendEnd,131.064,131.598,40.7,0
1765569853.687981,2025-12-12 20:04:13,2025-12-13 04:04:13,Open,131.008,1.0,0,-1.0,196.311089,0.0,SignalExec,131.060,131.563,38.4,-1
1765569918.7681808,2025-12-12 20:05:18,2025-12-13 04:05:18,SL,131.303,1.0,-1.0,0.0,196.001089,0.0,🛡️ 止损 (-2.16%),131.060,131.563,38.4,-1
1765569918.7685058,2025-12-12 20:05:18,2025-12-13 04:05:18,PnlRecord,131.303,0,0,0,196.005089,-2.1599755762478017,空,131.060,131.563,38.4,-1
1765569924.779263,2025-12-12 20:05:24,2025-12-13 04:05:24,Open,131.303,1.0,0,-1.0,196.010089,0.0,SignalExec,131.129,131.555,32.4,-1
1765570048.7080107,2025-12-12 20:07:28,2025-12-13 04:07:28,PnlRecord,131.214,0,0,0,196.148089,0.9517355850128294,空,131.178,131.534,27.1,0
1765570049.302703,2025-12-12 20:07:29,2025-12-13 04:07:29,CloseSignal,131.214,1.0,-1.0,0,196.148089,0.0,TrendEnd,131.178,131.534,27.1,0
1765570176.6483688,2025-12-12 20:09:36,2025-12-13 04:09:36,Open,131.204,1.0,0,-1.0,196.046089,0.0,SignalExec,131.203,131.514,23.8,-1
1765570241.3890717,2025-12-12 20:10:41,2025-12-13 04:10:41,SL,131.428,1.0,-1.0,0.0,195.857089,0.0,🛡️ 止损 (-1.72%),131.203,131.514,23.8,-1
1765570241.3893738,2025-12-12 20:10:41,2025-12-13 04:10:41,PnlRecord,131.428,0,0,0,195.826089,-1.7225347174585686,空,131.203,131.514,23.8,-1
1765570247.2508101,2025-12-12 20:10:47,2025-12-13 04:10:47,Open,131.428,1.0,0,-1.0,195.82847,0.0,SignalExec,131.267,131.512,18.6,-1
1765570312.1827986,2025-12-12 20:11:52,2025-12-13 04:11:52,SL,131.486,1.0,-1.0,0.0,195.73047,0.0,🛡️ 止损 (-1.06%),131.267,131.512,18.6,-1
1765570312.1831005,2025-12-12 20:11:52,2025-12-13 04:11:52,PnlRecord,131.486,0,0,0,195.71347,-1.0582655104416665,空,131.267,131.512,18.6,-1
1765570317.9979966,2025-12-12 20:11:57,2025-12-13 04:11:57,Open,131.486,1.0,0,-1.0,195.710664,0.0,SignalExec,131.330,131.511,13.8,-1
1765570442.7077076,2025-12-12 20:14:02,2025-12-13 04:14:02,PnlRecord,131.368,0,0,0,195.79466399999998,0.4869438188568458,空,131.342,131.500,12.1,0
1765570443.220404,2025-12-12 20:14:03,2025-12-13 04:14:03,CloseSignal,131.368,1.0,-1.0,0,195.79466399999998,0.0,TrendEnd,131.342,131.500,12.1,0
1765570569.044243,2025-12-12 20:16:09,2025-12-13 04:16:09,Open,131.457,1.0,0,-1.0,195.725742,0.0,SignalExec,131.344,131.489,11.0,-1
1765570630.5780418,2025-12-12 20:17:10,2025-12-13 04:17:10,PnlRecord,131.464,0,0,0,195.708742,-0.38808945842487214,空,131.378,131.488,8.4,0
1765570631.106557,2025-12-12 20:17:11,2025-12-13 04:17:11,CloseSignal,131.464,1.0,-1.0,0,195.708742,0.0,TrendEnd,131.378,131.488,8.4,0
1765573445.778332,2025-12-12 21:04:05,2025-12-13 05:04:05,Open,131.253,1.0,0,-1.0,195.684742,0.0,SignalExec,131.371,131.517,11.1,-1
1765573511.2206457,2025-12-12 21:05:11,2025-12-13 05:05:11,SL,131.577,1.0,-1.0,0.0,195.340742,0.0,🛡️ 止损 (-2.47%),131.371,131.517,11.1,-1
1765573511.220953,2025-12-12 21:05:11,2025-12-13 05:05:11,PnlRecord,131.577,0,0,0,195.39874200000003,-2.4685150053713993,空,131.371,131.517,11.1,-1
1765576100.1793818,2025-12-12 21:48:20,2025-12-13 05:48:20,Open,131.951,1.0,0,1.0,195.332742,0.0,SignalExec,131.823,131.614,15.8,1
1765576223.7408657,2025-12-12 21:50:23,2025-12-13 05:50:23,PnlRecord,131.949,0,0,0,195.249742,-0.06062580992278815,多,131.883,131.635,18.8,0
1765576224.241244,2025-12-12 21:50:24,2025-12-13 05:50:24,CloseSignal,131.949,1.0,1.0,0,195.249742,0.0,TrendEnd,131.883,131.635,18.8,0
1765576969.1941187,2025-12-12 22:02:49,2025-12-13 06:02:49,Open,131.915,1.0,0,1.0,195.32274199999998,0.0,SignalExec,131.822,131.688,10.2,1
1765577091.6724627,2025-12-12 22:04:51,2025-12-13 06:04:51,PnlRecord,131.985,0,0,0,195.42474199999998,0.583740182551677,多,131.888,131.705,13.9,0
1765577092.1671283,2025-12-12 22:04:52,2025-12-13 06:04:52,CloseSignal,131.985,1.0,1.0,0,195.42474199999998,0.0,TrendEnd,131.888,131.705,13.9,0
1765577218.3193183,2025-12-12 22:06:58,2025-12-13 06:06:58,Open,131.982,1.0,0,1.0,195.40374200000002,0.0,SignalExec,131.932,131.722,15.9,1
1765577343.1787844,2025-12-12 22:09:03,2025-12-13 06:09:03,PnlRecord,132.152,0,0,0,195.573742,1.280467939052626,多,132.012,131.746,20.2,0
1765577343.678727,2025-12-12 22:09:03,2025-12-13 06:09:03,CloseSignal,132.152,1.0,1.0,0,195.573742,0.0,TrendEnd,132.012,131.746,20.2,0
1765577469.856407,2025-12-12 22:11:09,2025-12-13 06:11:09,Open,132.49,1.0,0,1.0,195.570742,0.0,SignalExec,132.180,131.783,29.9,1
1765577593.2830985,2025-12-12 22:13:13,2025-12-13 06:13:13,PnlRecord,132.346,0,0,0,195.466742,-0.9888508948723191,多,132.282,131.823,34.7,0
1765577593.7909803,2025-12-12 22:13:13,2025-12-13 06:13:13,CloseSignal,132.346,1.0,1.0,0,195.466742,0.0,TrendEnd,132.282,131.823,34.7,0
1765577719.94614,2025-12-12 22:15:19,2025-12-13 06:15:19,Open,132.447,1.0,0,1.0,195.525742,0.0,SignalExec,132.358,131.862,37.4,1
1765577784.7323604,2025-12-12 22:16:24,2025-12-13 06:16:24,SL,132.221,1.0,1.0,0.0,195.360742,0.0,🛡️ 止损 (-1.70%),132.358,131.862,37.4,1
1765577784.7326438,2025-12-12 22:16:24,2025-12-13 06:16:24,PnlRecord,132.221,0,0,0,195.443742,-1.6988055509414728,多,132.358,131.862,37.4,1
1765577790.456405,2025-12-12 22:16:30,2025-12-13 06:16:30,Open,132.221,1.0,0,1.0,195.40574199999998,0.0,SignalExec,132.319,131.874,33.6,1
1765577912.7962978,2025-12-12 22:18:32,2025-12-13 06:18:32,PnlRecord,132.331,0,0,0,195.446742,0.5973444635996379,多,132.334,131.905,32.4,0
1765577913.2994885,2025-12-12 22:18:33,2025-12-13 06:18:33,CloseSignal,132.331,1.0,1.0,0,195.446742,0.0,TrendEnd,132.334,131.905,32.4,0
1765578039.4406137,2025-12-12 22:20:39,2025-12-13 06:20:39,Open,132.536,1.0,0,1.0,195.438742,0.0,SignalExec,132.412,131.942,35.4,1
1765578161.5880454,2025-12-12 22:22:41,2025-12-13 06:22:41,PnlRecord,132.528,0,0,0,195.445742,-0.04527140205532337,多,132.497,131.985,38.7,0
1765578162.0853298,2025-12-12 22:22:42,2025-12-13 06:22:42,CloseSignal,132.528,1.0,1.0,0,195.445742,0.0,TrendEnd,132.497,131.985,38.7,0
1765578290.3266811,2025-12-12 22:24:50,2025-12-13 06:24:50,Open,132.623,1.0,0,1.0,195.419893,0.0,SignalExec,132.546,132.024,39.4,1
1765578413.3723137,2025-12-12 22:26:53,2025-12-13 06:26:53,PnlRecord,132.536,0,0,0,195.325893,-0.6635299794908452,多,132.553,132.059,37.3,0
1765578413.8809366,2025-12-12 22:26:53,2025-12-13 06:26:53,CloseSignal,132.536,1.0,1.0,0,195.325893,0.0,TrendEnd,132.553,132.059,37.3,0
1765578542.0109973,2025-12-12 22:29:02,2025-12-13 06:29:02,Open,132.406,1.0,0,1.0,195.336893,0.0,SignalExec,132.481,132.081,30.2,1
1765578666.591871,2025-12-12 22:31:06,2025-12-13 06:31:06,PnlRecord,132.271,0,0,0,195.177893,-0.9969562623203782,多,132.408,132.098,23.4,0
1765578667.1364925,2025-12-12 22:31:07,2025-12-13 06:31:07,CloseSignal,132.271,1.0,1.0,0,195.177893,0.0,TrendEnd,132.408,132.098,23.4,0
1765578792.6748526,2025-12-12 22:33:12,2025-12-13 06:33:12,Open,132.312,1.0,0,1.0,195.194893,0.0,SignalExec,132.351,132.110,18.2,1
1765578915.2491086,2025-12-12 22:35:15,2025-12-13 06:35:15,PnlRecord,132.454,0,0,0,195.348893,1.0807869338150318,多,132.412,132.134,21.0,0
1765578915.8351583,2025-12-12 22:35:15,2025-12-13 06:35:15,CloseSignal,132.454,1.0,1.0,0,195.348893,0.0,TrendEnd,132.412,132.134,21.0,0
1765579042.0691314,2025-12-12 22:37:22,2025-12-13 06:37:22,Open,132.518,1.0,0,1.0,195.337893,0.0,SignalExec,132.471,132.160,23.4,1
1765579164.911788,2025-12-12 22:39:24,2025-12-13 06:39:24,PnlRecord,132.512,0,0,0,195.352893,-0.06036824630251869,多,132.499,132.184,23.8,0
1765579165.4065027,2025-12-12 22:39:25,2025-12-13 06:39:25,CloseSignal,132.512,1.0,1.0,0,195.352893,0.0,TrendEnd,132.499,132.184,23.8,0
1765579293.7165408,2025-12-12 22:41:33,2025-12-13 06:41:33,Open,132.63,1.0,0,1.0,195.340893,0.0,SignalExec,132.540,132.209,24.9,1
1765579418.2385824,2025-12-12 22:43:38,2025-12-13 06:43:38,PnlRecord,132.564,0,0,0,195.262893,-0.4900888945856316,多,132.561,132.233,24.7,0
1765579418.7431467,2025-12-12 22:43:38,2025-12-13 06:43:38,CloseSignal,132.564,1.0,1.0,0,195.262893,0.0,TrendEnd,132.561,132.233,24.7,0
1765579544.8711865,2025-12-12 22:45:44,2025-12-13 06:45:44,Open,132.549,1.0,0,1.0,195.25112900000002,0.0,SignalExec,132.567,132.256,23.5,1
1765579670.6721053,2025-12-12 22:47:50,2025-12-13 06:47:50,SL,132.402,1.0,1.0,0.0,195.121281,0.0,🛡️ 止损 (-1.09%),132.574,132.267,23.2,1
1765579670.6725302,2025-12-12 22:47:50,2025-12-13 06:47:50,PnlRecord,132.402,0,0,0,195.170129,-1.0864152822416782,多,132.574,132.267,23.2,1
1765579738.9277244,2025-12-12 22:48:58,2025-12-13 06:48:58,Open,132.486,1.0,0,1.0,195.12828100000002,0.0,SignalExec,132.514,132.278,17.8,1
1765579862.6084485,2025-12-12 22:51:02,2025-12-13 06:51:02,PnlRecord,132.436,0,0,0,195.08728100000002,-0.20383050361222993,多,132.479,132.289,14.4,0
1765579863.112054,2025-12-12 22:51:03,2025-12-13 06:51:03,CloseSignal,132.436,1.0,1.0,0,195.08728100000002,0.0,TrendEnd,132.479,132.289,14.4,0
1765579989.0514917,2025-12-12 22:53:09,2025-12-13 06:53:09,Open,132.435,1.0,0,1.0,195.085281,0.0,SignalExec,132.455,132.298,11.9,1
1765580113.8459053,2025-12-12 22:55:13,2025-12-13 06:55:13,PnlRecord,132.493,0,0,0,195.145281,0.4379506927926358,多,132.460,132.308,11.4,0
1765580114.3482366,2025-12-12 22:55:14,2025-12-13 06:55:14,CloseSignal,132.493,1.0,1.0,0,195.145281,0.0,TrendEnd,132.460,132.308,11.4,0
1765580240.6016688,2025-12-12 22:57:20,2025-12-13 06:57:20,Open,132.506,1.0,0,1.0,195.131281,0.0,SignalExec,132.484,132.321,12.3,1
1765580365.601045,2025-12-12 22:59:25,2025-12-13 06:59:25,PnlRecord,132.591,0,0,0,195.22328100000001,0.6112746207834675,多,132.522,132.337,14.0,0
1765580366.102882,2025-12-12 22:59:26,2025-12-13 06:59:26,CloseSignal,132.591,1.0,1.0,0,195.22328100000001,0.0,TrendEnd,132.522,132.337,14.0,0
1765580491.8141668,2025-12-12 23:01:31,2025-12-13 07:01:31,Open,132.625,1.0,0,1.0,195.235281,0.0,SignalExec,132.588,132.357,17.3,1
1765580614.455081,2025-12-12 23:03:34,2025-12-13 07:03:34,PnlRecord,132.812,0,0,0,195.438281,1.409990574929401,多,132.676,132.384,22.1,0
1765580614.9829738,2025-12-12 23:03:34,2025-12-13 07:03:34,CloseSignal,132.812,1.0,1.0,0,195.438281,0.0,TrendEnd,132.676,132.384,22.1,0
1765580743.058725,2025-12-12 23:05:43,2025-12-13 07:05:43,Open,132.917,1.0,0,1.0,195.426281,0.0,SignalExec,132.760,132.413,26.1,1
1765580865.8704047,2025-12-12 23:07:45,2025-12-13 07:07:45,PnlRecord,132.766,0,0,0,195.36028100000001,-0.8955111562629325,多,132.783,132.438,25.9,0
1765580866.3733337,2025-12-12 23:07:46,2025-12-13 07:07:46,CloseSignal,132.766,1.0,1.0,0,195.36028100000001,0.0,TrendEnd,132.783,132.438,25.9,0
1765580992.7318113,2025-12-12 23:09:52,2025-12-13 07:09:52,Open,132.699,1.0,0,1.0,195.304281,0.0,SignalExec,132.753,132.457,22.3,1
1765581115.2400863,2025-12-12 23:11:55,2025-12-13 07:11:55,PnlRecord,132.631,0,0,0,195.230281,-0.4823090545988391,多,132.684,132.467,16.4,0
1765581115.7347271,2025-12-12 23:11:55,2025-12-13 07:11:55,CloseSignal,132.631,1.0,1.0,0,195.230281,0.0,TrendEnd,132.684,132.467,16.4,0
1765581243.863049,2025-12-12 23:14:03,2025-12-13 07:14:03,Open,132.69,1.0,0,1.0,195.277281,0.0,SignalExec,132.704,132.484,16.6,1
1765581366.3874848,2025-12-12 23:16:06,2025-12-13 07:16:06,PnlRecord,132.703,0,0,0,195.297281,0.12058453352620174,多,132.711,132.499,16.0,0
1765581366.9209883,2025-12-12 23:16:06,2025-12-13 07:16:06,CloseSignal,132.703,1.0,1.0,0,195.297281,0.0,TrendEnd,132.711,132.499,16.0,0
1765581492.60216,2025-12-12 23:18:12,2025-12-13 07:18:12,Open,132.668,1.0,0,1.0,195.290281,0.0,SignalExec,132.699,132.512,14.2,1
1765581615.1305642,2025-12-12 23:20:15,2025-12-13 07:20:15,PnlRecord,132.577,0,0,0,195.266281,-0.6859227545452421,多,132.663,132.519,10.8,0
1765581615.6996288,2025-12-12 23:20:15,2025-12-13 07:20:15,CloseSignal,132.577,1.0,1.0,0,195.266281,0.0,TrendEnd,132.663,132.519,10.8,0
1765581742.6017623,2025-12-12 23:22:22,2025-12-13 07:22:22,Open,132.685,1.0,0,1.0,195.22261099999997,0.0,SignalExec,132.666,132.529,10.3,1
1765581868.8232074,2025-12-12 23:24:28,2025-12-13 07:24:28,SL,132.561,1.0,1.0,0.0,195.077611,0.0,🛡️ 止损 (-1.00%),132.667,132.533,10.0,1
1765581868.8235228,2025-12-12 23:24:28,2025-12-13 07:24:28,PnlRecord,132.561,0,0,0,195.077611,-1.0023060575457923,多,132.667,132.533,10.0,1
1765583714.8416834,2025-12-12 23:55:14,2025-12-13 07:55:14,Open,132.3,1.0,0,-1.0,195.077611,0.0,SignalExec,132.363,132.496,10.1,-1
1765583839.0651634,2025-12-12 23:57:19,2025-12-13 07:57:19,PnlRecord,132.118,0,0,0,195.258611,1.3756613756614993,空,132.264,132.475,16.0,0
1765583839.57252,2025-12-12 23:57:19,2025-12-13 07:57:19,CloseSignal,132.118,1.0,-1.0,0,195.258611,0.0,TrendEnd,132.264,132.475,16.0,0
1765583965.051997,2025-12-12 23:59:25,2025-12-13 07:59:25,Open,132.15,1.0,0,-1.0,195.244611,0.0,SignalExec,132.200,132.453,19.1,-1
1765584087.9842675,2025-12-13 00:01:27,2025-12-13 08:01:27,PnlRecord,132.238,0,0,0,195.170155,-0.5750518303293942,空,132.222,132.439,16.5,0
1765584088.486989,2025-12-13 00:01:28,2025-12-13 08:01:28,CloseSignal,132.238,1.0,-1.0,0,195.170155,0.0,TrendEnd,132.222,132.439,16.5,0
1765586294.1428885,2025-12-13 00:38:14,2025-12-13 08:38:14,Open,132.649,1.0,0,1.0,195.16176800000002,0.0,SignalExec,132.580,132.441,10.5,1
1765586418.3242598,2025-12-13 00:40:18,2025-12-13 08:40:18,PnlRecord,132.619,0,0,0,195.133768,-0.2939890545612573,多,132.609,132.454,11.7,0
1765586418.8329716,2025-12-13 00:40:18,2025-12-13 08:40:18,CloseSignal,132.619,1.0,1.0,0,195.133768,0.0,TrendEnd,132.609,132.454,11.7,0
1765586545.514551,2025-12-13 00:42:25,2025-12-13 08:42:25,Open,132.595,1.0,0,1.0,195.128768,0.0,SignalExec,132.611,132.464,11.1,1
1765586607.1123536,2025-12-13 00:43:27,2025-12-13 08:43:27,PnlRecord,132.525,0,0,0,195.05976800000002,-0.527923375692848,多,132.586,132.466,9.1,0
1765586607.6884458,2025-12-13 00:43:27,2025-12-13 08:43:27,CloseSignal,132.525,1.0,1.0,0,195.05976800000002,0.0,TrendEnd,132.586,132.466,9.1,0
1765587908.9623103,2025-12-13 01:05:08,2025-12-13 09:05:08,Open,132.7,1.0,0,1.0,195.047768,0.0,SignalExec,132.651,132.514,10.3,1
1765588033.1306484,2025-12-13 01:07:13,2025-12-13 09:07:13,PnlRecord,132.646,0,0,0,194.996768,-0.4671911263828241,多,132.669,132.526,10.8,0
1765588033.6348634,2025-12-13 01:07:13,2025-12-13 09:07:13,CloseSignal,132.646,1.0,1.0,0,194.996768,0.0,TrendEnd,132.669,132.526,10.8,0
1765588161.9091024,2025-12-13 01:09:21,2025-12-13 09:09:21,Open,132.736,1.0,0,1.0,194.999768,0.0,SignalExec,132.700,132.539,12.1,1
1765588285.53653,2025-12-13 01:11:25,2025-12-13 09:11:25,PnlRecord,132.809,0,0,0,195.05176799999998,0.542426000286301,多,132.749,132.556,14.5,0
1765588286.0490673,2025-12-13 01:11:26,2025-12-13 09:11:26,CloseSignal,132.809,1.0,1.0,0,195.05176799999998,0.0,TrendEnd,132.749,132.556,14.5,0
1765588411.9060433,2025-12-13 01:13:31,2025-12-13 09:13:31,Open,132.781,1.0,0,1.0,195.04676800000001,0.0,SignalExec,132.787,132.574,16.0,1
1765588536.6773126,2025-12-13 01:15:36,2025-12-13 09:15:36,PnlRecord,132.746,0,0,0,194.996768,-0.34640641002464206,多,132.774,132.586,14.2,0
1765588537.1938002,2025-12-13 01:15:37,2025-12-13 09:15:37,CloseSignal,132.746,1.0,1.0,0,194.996768,0.0,TrendEnd,132.774,132.586,14.2,0
1765588663.3309531,2025-12-13 01:17:43,2025-12-13 09:17:43,Open,132.798,1.0,0,1.0,195.010768,0.0,SignalExec,132.784,132.600,13.9,1
1765588787.8154688,2025-12-13 01:19:47,2025-12-13 09:19:47,PnlRecord,132.835,0,0,0,195.02376800000002,0.21083226034787333,多,132.803,132.614,14.3,0
1765588788.3300812,2025-12-13 01:19:48,2025-12-13 09:19:48,CloseSignal,132.835,1.0,1.0,0,195.02376800000002,0.0,TrendEnd,132.803,132.614,14.3,0
1765588914.4439814,2025-12-13 01:21:54,2025-12-13 09:21:54,Open,132.809,1.0,0,1.0,195.047263,0.0,SignalExec,132.809,132.627,13.7,1
1765589038.3536024,2025-12-13 01:23:58,2025-12-13 09:23:58,PnlRecord,132.751,0,0,0,194.968263,-0.4592958467608879,多,132.786,132.636,11.3,0
1765589038.896081,2025-12-13 01:23:58,2025-12-13 09:23:58,CloseSignal,132.751,1.0,1.0,0,194.968263,0.0,TrendEnd,132.786,132.636,11.3,0
1765590274.9988537,2025-12-13 01:44:34,2025-12-13 09:44:34,Open,132.382,1.0,0,-1.0,194.983263,0.0,SignalExec,132.495,132.637,10.7,-1
1765590399.5743122,2025-12-13 01:46:39,2025-12-13 09:46:39,PnlRecord,132.404,0,0,0,194.98226300000002,-0.16618573522073513,空,132.457,132.623,12.5,0
1765590400.1960063,2025-12-13 01:46:40,2025-12-13 09:46:40,CloseSignal,132.404,1.0,-1.0,0,194.98226300000002,0.0,TrendEnd,132.457,132.623,12.5,0
1765590526.610779,2025-12-13 01:48:46,2025-12-13 09:48:46,Open,132.406,1.0,0,-1.0,194.94526299999998,0.0,SignalExec,132.422,132.607,14.0,-1
1765590653.3432097,2025-12-13 01:50:53,2025-12-13 09:50:53,SL,132.537,1.0,-1.0,0.0,194.811263,0.0,🛡️ 止损 (-1.07%),132.438,132.603,12.4,-1
1765590653.3435247,2025-12-13 01:50:53,2025-12-13 09:50:53,PnlRecord,132.537,0,0,0,194.817263,-1.0725480569507604,空,132.438,132.603,12.4,-1
1765591638.478249,2025-12-13 02:07:18,2025-12-13 10:07:18,Open,132.9,1.0,0,1.0,194.784263,0.0,SignalExec,132.778,132.621,11.8,1
1765591762.2432942,2025-12-13 02:09:22,2025-12-13 10:09:22,PnlRecord,132.858,0,0,0,194.770263,-0.3235491079826816,多,132.837,132.640,14.8,0
1765591762.7958705,2025-12-13 02:09:22,2025-12-13 10:09:22,CloseSignal,132.858,1.0,1.0,0,194.770263,0.0,TrendEnd,132.837,132.640,14.8,0
1765591888.3156302,2025-12-13 02:11:28,2025-12-13 10:11:28,Open,132.848,1.0,0,1.0,194.75426299999998,0.0,SignalExec,132.837,132.652,13.9,1
1765592010.8381143,2025-12-13 02:13:30,2025-12-13 10:13:30,PnlRecord,132.81,0,0,0,194.710263,-0.26346494034398427,多,132.814,132.661,11.5,0
1765592011.3448865,2025-12-13 02:13:31,2025-12-13 10:13:31,CloseSignal,132.81,1.0,1.0,0,194.710263,0.0,TrendEnd,132.814,132.661,11.5,0
1765592137.1826296,2025-12-13 02:15:37,2025-12-13 10:15:37,Open,132.829,1.0,0,1.0,194.711102,0.0,SignalExec,132.818,132.671,11.0,1
1765592259.3219721,2025-12-13 02:17:39,2025-12-13 10:17:39,PnlRecord,132.898,0,0,0,194.766102,0.5194648758929782,多,132.849,132.685,12.4,0
1765592259.8312457,2025-12-13 02:17:39,2025-12-13 10:17:39,CloseSignal,132.898,1.0,1.0,0,194.766102,0.0,TrendEnd,132.849,132.685,12.4,0
1765592385.8646264,2025-12-13 02:19:45,2025-12-13 10:19:45,Open,132.96,1.0,0,1.0,194.780102,0.0,SignalExec,132.892,132.701,14.4,1
1765592508.6295135,2025-12-13 02:21:48,2025-12-13 10:21:48,PnlRecord,132.897,0,0,0,194.762102,-0.5339630587810448,多,132.907,132.715,14.4,0
1765592509.132218,2025-12-13 02:21:49,2025-12-13 10:21:49,CloseSignal,132.897,1.0,1.0,0,194.762102,0.0,TrendEnd,132.907,132.715,14.4,0
1765592637.535837,2025-12-13 02:23:57,2025-12-13 10:23:57,Open,132.824,1.0,0,1.0,194.738102,0.0,SignalExec,132.886,132.725,12.1,1
1765592761.9813647,2025-12-13 02:26:01,2025-12-13 10:26:01,PnlRecord,132.818,0,0,0,194.71910200000002,-0.060229171999317564,多,132.861,132.733,9.6,0
1765592762.4872997,2025-12-13 02:26:02,2025-12-13 10:26:02,CloseSignal,132.818,1.0,1.0,0,194.71910200000002,0.0,TrendEnd,132.861,132.733,9.6,0
